,PC1,PC2,Driver,Team,LapTime,Sector1Time,Sector2Time,Sector3Time,SpeedI1,SpeedI2,SpeedFL,SpeedST
0,14.859776771930537,4.092309851242386,VER,Red Bull Racing,132670.0,76382.0,38838.0,17450.0,287.0,239.0,294.0,208.0
1,0.5543363492397767,1.3976507699362395,VER,Red Bull Racing,75745.0,19651.0,38648.0,17446.0,298.0,238.0,295.0,277.0
2,0.27901301695353875,1.5575033188342595,VER,Red Bull Racing,75547.0,19715.0,38471.0,17361.0,299.0,241.0,296.0,275.0
3,-0.11812513925991855,1.3496580883502263,VER,Red Bull Racing,75864.0,19615.0,38746.0,17503.0,297.0,242.0,295.0,298.0
4,0.6134725229626826,1.5575031111145001,VER,Red Bull Racing,76169.0,19722.0,38984.0,17463.0,293.0,243.0,298.0,275.0
5,0.38626277759556527,1.2003808499692121,VER,Red Bull Racing,75989.0,19626.0,38882.0,17481.0,297.0,241.0,298.0,283.0
6,0.013843804964028436,1.3283635503078792,VER,Red Bull Racing,75879.0,19615.0,38779.0,17485.0,299.0,245.0,297.0,288.0
7,0.6449909399112783,1.2035561723569888,VER,Red Bull Racing,76305.0,19643.0,38976.0,17686.0,301.0,244.0,295.0,281.0
8,0.3284467835181757,1.300171505004581,VER,Red Bull Racing,76170.0,19691.0,38843.0,17636.0,300.0,246.0,297.0,284.0
9,0.32901017258355897,1.2969579019469137,VER,Red Bull Racing,76047.0,19706.0,38725.0,17616.0,297.0,242.0,298.0,287.0
10,0.2912499247766683,1.1696964401716958,VER,Red Bull Racing,75996.0,19636.0,38684.0,17676.0,301.0,244.0,298.0,286.0
11,0.6093811202372312,1.2803952141467405,VER,Red Bull Racing,76207.0,19640.0,38911.0,17656.0,295.0,241.0,298.0,284.0
12,0.5468344644547125,1.3950952216066204,VER,Red Bull Racing,76206.0,19695.0,38751.0,17760.0,296.0,243.0,298.0,285.0
13,0.5460687249815495,1.1996115996946939,VER,Red Bull Racing,76397.0,19648.0,39015.0,17734.0,294.0,243.0,300.0,288.0
14,0.49402309667475636,1.2314119979385982,VER,Red Bull Racing,76269.0,19662.0,38884.0,17723.0,296.0,243.0,299.0,287.0
15,0.28417787449048787,1.2482150298653796,VER,Red Bull Racing,75713.0,19586.0,38794.0,17333.0,299.0,240.0,296.0,280.0
16,0.30034058038097045,1.3354731623173157,VER,Red Bull Racing,75439.0,19497.0,38517.0,17425.0,299.0,240.0,298.0,277.0
17,-0.19963222766873806,1.222098030202455,VER,Red Bull Racing,75125.0,19467.0,38269.0,17389.0,301.0,241.0,300.0,285.0
18,-0.179859906745427,1.6274232875598913,VER,Red Bull Racing,74954.0,19309.0,38193.0,17452.0,296.0,242.0,300.0,284.0
19,-0.44911415496112894,1.4484101648631913,VER,Red Bull Racing,74974.0,19293.0,38211.0,17470.0,300.0,245.0,300.0,289.0
20,-0.03024378306755195,1.5873570514932265,VER,Red Bull Racing,75355.0,19440.0,38372.0,17543.0,296.0,243.0,299.0,286.0
21,-0.1067986669686787,1.358010544127529,VER,Red Bull Racing,75202.0,19381.0,38269.0,17552.0,298.0,242.0,301.0,287.0
22,-0.1552379139081054,1.2369892530941298,VER,Red Bull Racing,75329.0,19292.0,38439.0,17598.0,299.0,244.0,301.0,290.0
23,-0.27285568174532876,1.0979161044805892,VER,Red Bull Racing,75362.0,19295.0,38490.0,17577.0,301.0,244.0,300.0,294.0
24,-0.3212821519335157,1.1785251560041377,VER,Red Bull Racing,75524.0,19383.0,38593.0,17548.0,300.0,245.0,299.0,296.0
25,-0.703314516727739,1.0015647275604607,VER,Red Bull Racing,75390.0,19273.0,38651.0,17466.0,301.0,248.0,302.0,300.0
26,-0.6654229874392177,1.1019744590045428,VER,Red Bull Racing,75306.0,19371.0,38476.0,17459.0,300.0,246.0,302.0,299.0
27,-0.7738458525275497,0.8786097989328009,VER,Red Bull Racing,75388.0,19436.0,38471.0,17481.0,304.0,248.0,303.0,300.0
28,-0.7180840782566155,0.9172427515597709,VER,Red Bull Racing,75521.0,19350.0,38626.0,17545.0,302.0,249.0,303.0,302.0
29,-1.1197357444063387,1.3920883998330995,VER,Red Bull Racing,74044.0,19086.0,37775.0,17183.0,301.0,241.0,301.0,295.0
30,-1.7039801916700013,0.16164810630915405,VER,Red Bull Racing,74089.0,19095.0,38081.0,16913.0,304.0,246.0,320.0,294.0
31,-1.5766704908567961,1.3319785067036365,VER,Red Bull Racing,74265.0,19068.0,38005.0,17192.0,302.0,247.0,301.0,306.0
32,-0.8337329381685573,1.0954769523154857,VER,Red Bull Racing,74584.0,19203.0,38130.0,17251.0,303.0,243.0,302.0,292.0
33,-2.0290978100477504,0.25838956512026623,VER,Red Bull Racing,73766.0,19057.0,37743.0,16966.0,305.0,248.0,322.0,297.0
34,-2.3147731469081028,1.5677979502729558,VER,Red Bull Racing,73530.0,18922.0,37449.0,17159.0,304.0,249.0,301.0,315.0
35,-2.1484403229871405,1.7036047498099662,VER,Red Bull Racing,73422.0,19013.0,37350.0,17059.0,305.0,250.0,302.0,302.0
36,14.544586497385831,2.512299627249025,NOR,McLaren,130857.0,74417.0,39080.0,17360.0,302.0,234.0,298.0,208.0
37,0.5766129960290026,1.031201006777405,NOR,McLaren,76231.0,19874.0,38874.0,17483.0,301.0,243.0,300.0,274.0
38,-1.5009947230141922,-0.49559538498758515,NOR,McLaren,74940.0,19345.0,38553.0,17042.0,318.0,255.0,319.0,288.0
39,-1.4573437413729424,-0.33640644972579725,NOR,McLaren,75428.0,19413.0,39073.0,16942.0,310.0,255.0,318.0,294.0
40,0.4002427909876551,-0.8563326668678535,NOR,McLaren,76737.0,19338.0,39765.0,17634.0,318.0,233.0,289.0,314.0
41,0.6302132337053439,1.5768361211719044,NOR,McLaren,76576.0,20081.0,39252.0,17243.0,292.0,248.0,302.0,264.0
42,0.9224556036012665,1.0636236522621079,NOR,McLaren,76671.0,19877.0,39218.0,17576.0,295.0,243.0,302.0,273.0
43,0.02281365619798498,1.1855706459095574,NOR,McLaren,76043.0,19611.0,39051.0,17381.0,296.0,247.0,302.0,284.0
44,0.04514137949098692,1.298450556220623,NOR,McLaren,76015.0,19709.0,38894.0,17412.0,298.0,248.0,301.0,281.0
45,0.3976675265403138,1.2410672735261965,NOR,McLaren,76365.0,19759.0,38991.0,17615.0,297.0,249.0,303.0,278.0
46,0.25738797833933424,1.1432101048763306,NOR,McLaren,76270.0,19729.0,39054.0,17487.0,296.0,246.0,302.0,283.0
47,0.2101740829570609,1.1132381603566817,NOR,McLaren,76174.0,19660.0,38963.0,17551.0,297.0,246.0,302.0,285.0
48,0.5089801094070032,1.1570975912675012,NOR,McLaren,76504.0,19766.0,39085.0,17653.0,300.0,248.0,299.0,280.0
49,0.05884520773492678,1.0019563348569156,NOR,McLaren,76267.0,19668.0,39001.0,17598.0,300.0,249.0,302.0,288.0
50,-0.028315566198976395,1.1380401611991835,NOR,McLaren,76058.0,19651.0,38797.0,17610.0,301.0,250.0,302.0,286.0
51,0.40823241890713213,0.971790198222316,NOR,McLaren,76330.0,19653.0,38958.0,17719.0,302.0,248.0,301.0,282.0
52,0.1445164300705288,0.7402857707575341,NOR,McLaren,76196.0,19545.0,38929.0,17722.0,301.0,246.0,303.0,292.0
53,0.3470317830405234,0.6297885917019806,NOR,McLaren,76343.0,19591.0,39102.0,17650.0,302.0,244.0,301.0,289.0
54,0.2637477950756797,0.6386779552496112,NOR,McLaren,76512.0,19564.0,39262.0,17686.0,299.0,246.0,303.0,293.0
55,-0.2688900392964471,0.8792413717497667,NOR,McLaren,76315.0,19653.0,39128.0,17534.0,302.0,253.0,303.0,292.0
56,-0.14408344845540647,0.7867620995990919,NOR,McLaren,75691.0,19480.0,38968.0,17243.0,303.0,244.0,300.0,285.0
57,0.7376169491991851,0.4390419276853331,NOR,McLaren,76200.0,19426.0,39167.0,17607.0,302.0,238.0,300.0,283.0
58,0.20251131132057965,0.8083597522624597,NOR,McLaren,75553.0,19328.0,38699.0,17526.0,304.0,241.0,299.0,284.0
59,0.023164072316768074,0.997065260039243,NOR,McLaren,75333.0,19374.0,38568.0,17391.0,301.0,241.0,301.0,282.0
60,-0.5124982186961373,1.2523278592689302,NOR,McLaren,75053.0,19316.0,38339.0,17398.0,300.0,246.0,303.0,288.0
61,-0.8357965299074713,1.390086553084199,NOR,McLaren,74985.0,19218.0,38456.0,17311.0,299.0,250.0,303.0,291.0
62,-0.6645316641418846,1.304656475380828,NOR,McLaren,74845.0,19234.0,38246.0,17365.0,301.0,248.0,304.0,286.0
63,-0.9653564783416614,1.2747008974448573,NOR,McLaren,74927.0,19299.0,38327.0,17301.0,303.0,251.0,303.0,291.0
64,-0.922542288021846,1.2583835407397201,NOR,McLaren,75071.0,19253.0,38494.0,17324.0,302.0,252.0,303.0,292.0
65,-0.6836172914955686,1.2482802960260735,NOR,McLaren,75273.0,19325.0,38562.0,17386.0,301.0,251.0,303.0,290.0
66,-0.5015727689345455,1.1092707797533703,NOR,McLaren,75427.0,19417.0,38517.0,17493.0,302.0,249.0,303.0,291.0
67,-0.6522527898268178,1.1408801104047317,NOR,McLaren,75199.0,19295.0,38429.0,17475.0,303.0,249.0,302.0,293.0
68,-0.26124325586597896,1.0382492821885156,NOR,McLaren,75620.0,19380.0,38611.0,17629.0,302.0,248.0,302.0,292.0
69,-0.35117713364516956,0.7997195230405557,NOR,McLaren,75651.0,19398.0,38691.0,17562.0,304.0,248.0,303.0,293.0
70,-0.6779683036621077,1.0508794363178218,NOR,McLaren,75585.0,19275.0,38592.0,17718.0,303.0,253.0,303.0,301.0
71,-0.24140323145822185,0.7866542938435277,NOR,McLaren,75655.0,19379.0,38819.0,17457.0,304.0,248.0,303.0,287.0
72,-0.4242090041323823,0.8754103460004481,NOR,McLaren,75696.0,19383.0,38820.0,17493.0,306.0,252.0,302.0,289.0
73,-0.40624987595019363,0.6831509353419247,NOR,McLaren,75819.0,19438.0,38949.0,17432.0,305.0,249.0,302.0,293.0
74,-0.45980070491075636,1.092798930597217,NOR,McLaren,75414.0,19307.0,38660.0,17447.0,302.0,250.0,303.0,288.0
75,-0.6922809093140186,1.183634471814792,NOR,McLaren,75323.0,19310.0,38648.0,17365.0,304.0,254.0,303.0,286.0
76,-0.7225887970897662,1.501960017390338,NOR,McLaren,75513.0,19357.0,38685.0,17471.0,300.0,257.0,303.0,289.0
77,-0.5532757158251316,0.9533410253338602,NOR,McLaren,75643.0,19331.0,38857.0,17455.0,302.0,252.0,304.0,292.0
78,-0.7176250512087885,0.887853571757093,NOR,McLaren,75709.0,19420.0,38887.0,17402.0,304.0,253.0,303.0,295.0
79,-0.6077271841932049,0.9570563718047714,NOR,McLaren,75629.0,19312.0,38796.0,17521.0,303.0,254.0,305.0,292.0
80,-0.703875194580265,0.6588198345713229,NOR,McLaren,75813.0,19405.0,38879.0,17529.0,306.0,253.0,304.0,299.0
81,-3.148989088395118,2.6237772312775385,NOR,McLaren,72486.0,18840.0,36731.0,16915.0,304.0,261.0,303.0,301.0
82,-1.7841884965716766,2.304144204415233,NOR,McLaren,73810.0,19133.0,37661.0,17016.0,294.0,251.0,302.0,295.0
83,-1.9506056098298301,2.18761886621804,NOR,McLaren,73367.0,18863.0,37455.0,17049.0,298.0,253.0,304.0,292.0
84,-1.9260217364388517,1.8289945972364334,NOR,McLaren,73668.0,18900.0,37618.0,17150.0,300.0,253.0,305.0,298.0
85,-1.9349145334670705,1.872357590283404,NOR,McLaren,73676.0,19003.0,37558.0,17115.0,303.0,253.0,302.0,297.0
86,-2.1304057416241533,2.0186207893241055,NOR,McLaren,73586.0,18946.0,37528.0,17112.0,302.0,256.0,303.0,298.0
87,-2.248155174101908,1.7473077552185103,NOR,McLaren,73687.0,18922.0,37689.0,17076.0,304.0,257.0,304.0,301.0
88,-2.490427139759285,0.6283664300001839,NOR,McLaren,73462.0,18979.0,37565.0,16918.0,308.0,256.0,321.0,295.0
89,-1.3313636225845593,2.7707092976613596,NOR,McLaren,74245.0,18970.0,37831.0,17444.0,295.0,246.0,283.0,314.0
90,12.511687248597267,2.4456580503109175,ALO,Aston Martin,123054.0,66237.0,39286.0,17531.0,303.0,245.0,300.0,212.0
91,0.15644201051599438,0.8823304642733262,ALO,Aston Martin,76483.0,19926.0,38916.0,17641.0,298.0,242.0,300.0,298.0
92,-0.04872528834715971,0.8418963922258622,ALO,Aston Martin,75925.0,19658.0,38793.0,17474.0,303.0,245.0,301.0,288.0
93,-0.4880318679492094,1.0266957770087577,ALO,Aston Martin,75972.0,19673.0,38838.0,17461.0,298.0,248.0,303.0,299.0
94,-0.11404058573130642,0.9670795249568377,ALO,Aston Martin,76111.0,19648.0,38965.0,17498.0,297.0,245.0,302.0,295.0
95,0.016186804504401985,0.5758619081935634,ALO,Aston Martin,76250.0,19702.0,39080.0,17468.0,298.0,241.0,303.0,297.0
96,0.16943905211711463,0.20023306202823796,ALO,Aston Martin,76412.0,19707.0,39265.0,17440.0,299.0,239.0,305.0,296.0
97,-0.15423557938762372,0.8812521284040234,ALO,Aston Martin,76336.0,19686.0,39078.0,17572.0,298.0,248.0,303.0,297.0
98,-0.016340407552766726,0.25533926860882006,ALO,Aston Martin,76341.0,19777.0,39089.0,17475.0,302.0,241.0,304.0,298.0
99,-0.22926804765656839,0.5156197727708222,ALO,Aston Martin,76398.0,19632.0,39191.0,17575.0,301.0,246.0,302.0,304.0
100,0.022277579679657326,0.5422683120282185,ALO,Aston Martin,76388.0,19583.0,39138.0,17667.0,302.0,246.0,302.0,298.0
101,0.384112974704658,0.38362547871108005,ALO,Aston Martin,76954.0,19729.0,39523.0,17702.0,299.0,245.0,303.0,297.0
102,0.4684939942391508,0.6735419239583719,ALO,Aston Martin,76853.0,19755.0,39476.0,17622.0,297.0,246.0,303.0,289.0
103,0.09173989394909465,0.7543312116633795,ALO,Aston Martin,76615.0,19592.0,39313.0,17710.0,299.0,249.0,302.0,297.0
104,-0.028857941773854534,0.7954507316041128,ALO,Aston Martin,76500.0,19576.0,39237.0,17687.0,297.0,248.0,303.0,300.0
105,0.3151061127087095,0.3294362356766188,ALO,Aston Martin,77281.0,19664.0,39899.0,17718.0,299.0,249.0,302.0,301.0
106,-0.041947029559182475,0.6021039114682603,ALO,Aston Martin,76331.0,19599.0,39362.0,17370.0,298.0,243.0,301.0,297.0
107,0.1690228220208514,0.48501603496504025,ALO,Aston Martin,76202.0,19661.0,39141.0,17400.0,300.0,239.0,301.0,293.0
108,0.16933543783393512,0.6711664376785704,ALO,Aston Martin,76128.0,19511.0,39226.0,17391.0,296.0,240.0,302.0,292.0
109,0.3615719548076325,1.032927810840496,ALO,Aston Martin,76095.0,19673.0,38954.0,17468.0,296.0,241.0,301.0,284.0
110,0.11932757351202603,0.9281786278040093,ALO,Aston Martin,75836.0,19554.0,38912.0,17370.0,295.0,239.0,302.0,289.0
111,0.064246940855422,0.6302485729027244,ALO,Aston Martin,75721.0,19453.0,38922.0,17346.0,298.0,239.0,304.0,288.0
112,0.3818452989592172,0.6866814364674413,ALO,Aston Martin,75944.0,19523.0,39020.0,17401.0,294.0,236.0,304.0,287.0
113,0.13548272849233442,0.9829811792366528,ALO,Aston Martin,75701.0,19498.0,38913.0,17290.0,298.0,243.0,303.0,278.0
114,0.03373983792533463,0.701960031297639,ALO,Aston Martin,75949.0,19427.0,39129.0,17393.0,301.0,244.0,301.0,288.0
115,0.010669385421113665,0.6743606156731343,ALO,Aston Martin,76015.0,19468.0,39144.0,17403.0,299.0,242.0,301.0,293.0
116,0.3274123384003214,0.8195441771762328,ALO,Aston Martin,76070.0,19448.0,39121.0,17501.0,297.0,242.0,302.0,286.0
117,0.2742364110583751,0.6181536895253887,ALO,Aston Martin,76136.0,19546.0,39169.0,17421.0,299.0,241.0,302.0,287.0
118,0.021268218714022128,0.8457467221096301,ALO,Aston Martin,76262.0,19593.0,39163.0,17506.0,297.0,245.0,302.0,294.0
119,-0.5912498284910234,1.2950100176587331,ALO,Aston Martin,75773.0,19369.0,38845.0,17559.0,299.0,253.0,301.0,298.0
120,-0.6475780140496563,1.0632561957518425,ALO,Aston Martin,75740.0,19335.0,38780.0,17625.0,301.0,252.0,302.0,302.0
121,-0.23759163482592688,0.8653618728261586,ALO,Aston Martin,75582.0,19495.0,38669.0,17418.0,300.0,242.0,302.0,293.0
122,-0.3932012981487124,0.6980472214009523,ALO,Aston Martin,75390.0,19329.0,38699.0,17362.0,303.0,242.0,301.0,295.0
123,-1.0366470472400753,1.2523167918567881,ALO,Aston Martin,75345.0,19330.0,38765.0,17250.0,302.0,254.0,301.0,296.0
124,-1.4663757095368626,1.5038922977864575,ALO,Aston Martin,74796.0,19234.0,38285.0,17277.0,301.0,254.0,302.0,302.0
125,-1.5274764222472965,1.8198844096863394,ALO,Aston Martin,74765.0,19352.0,38190.0,17223.0,296.0,252.0,301.0,305.0
126,-1.5453344972546252,1.9080238598710335,ALO,Aston Martin,74694.0,19315.0,38157.0,17222.0,300.0,258.0,302.0,295.0
127,-1.6560791223804612,1.761125870638937,ALO,Aston Martin,74523.0,19207.0,38075.0,17241.0,298.0,254.0,303.0,303.0
128,-1.621216668247385,1.9671198338935025,ALO,Aston Martin,74677.0,19464.0,37955.0,17258.0,295.0,252.0,302.0,306.0
129,-1.2486751934925118,0.8761281198295924,ALO,Aston Martin,74999.0,19455.0,38253.0,17291.0,307.0,249.0,303.0,302.0
130,-1.2942274739623612,1.9691598937699393,ALO,Aston Martin,74912.0,19337.0,38292.0,17283.0,295.0,255.0,302.0,297.0
131,-1.4339135696353476,2.033323120106533,ALO,Aston Martin,74674.0,19242.0,38205.0,17227.0,297.0,258.0,303.0,292.0
132,-1.4227118024210545,1.567246426611948,ALO,Aston Martin,74652.0,19220.0,38201.0,17231.0,299.0,253.0,304.0,298.0
133,-1.2038971288668625,1.4415718308067305,ALO,Aston Martin,74556.0,19220.0,38090.0,17246.0,302.0,253.0,306.0,288.0
134,-1.2981008160567689,1.5480722963187978,ALO,Aston Martin,74526.0,19223.0,38045.0,17258.0,303.0,254.0,304.0,290.0
135,-1.0603012789504123,1.3734523166062003,ALO,Aston Martin,74943.0,19174.0,38448.0,17321.0,304.0,256.0,303.0,289.0
136,-1.4411186132995635,1.3490181523626867,ALO,Aston Martin,75011.0,19307.0,38382.0,17322.0,301.0,254.0,303.0,305.0
137,-0.9651473928555395,-1.9399743592213896,ALO,Aston Martin,76364.0,19679.0,39430.0,17255.0,324.0,251.0,322.0,301.0
138,-1.6679728467125248,-0.6072194087254831,ALO,Aston Martin,75448.0,19001.0,38936.0,17511.0,322.0,252.0,302.0,328.0
139,11.114832200362237,0.3805021936884741,PER,Red Bull Racing,115677.0,57884.0,40303.0,17490.0,315.0,242.0,305.0,216.0
140,0.6171933716113095,0.11665410480970813,PER,Red Bull Racing,77043.0,19961.0,39500.0,17582.0,306.0,245.0,303.0,284.0
141,-0.35888132373194076,-2.0577920814954855,PER,Red Bull Racing,76294.0,19659.0,39278.0,17357.0,320.0,242.0,324.0,295.0
142,-0.2473051748723851,-1.899197740524548,PER,Red Bull Racing,76365.0,19712.0,39293.0,17360.0,318.0,245.0,327.0,287.0
143,0.2587366959310059,-2.3637592186359133,PER,Red Bull Racing,76762.0,19763.0,39582.0,17417.0,322.0,242.0,326.0,282.0
144,-0.04658173359796477,-2.4547697970451323,PER,Red Bull Racing,76540.0,19733.0,39343.0,17464.0,323.0,243.0,329.0,287.0
145,-0.3005328994795949,-2.6863897033245765,PER,Red Bull Racing,76541.0,19726.0,39478.0,17337.0,320.0,242.0,333.0,293.0
146,0.4095913520700338,-1.9817464983227908,PER,Red Bull Racing,77152.0,19832.0,39679.0,17641.0,315.0,243.0,325.0,289.0
147,0.029177182904293615,-3.1494466246311297,PER,Red Bull Racing,76966.0,19811.0,39674.0,17481.0,322.0,233.0,327.0,307.0
148,0.20698935591599354,-0.40635846900503986,PER,Red Bull Racing,77240.0,19762.0,39712.0,17766.0,303.0,241.0,304.0,314.0
149,0.5424376022194212,0.1799205030456779,PER,Red Bull Racing,76700.0,19727.0,39250.0,17723.0,304.0,242.0,303.0,291.0
150,0.8297665619378575,-2.0710446803833027,PER,Red Bull Racing,77270.0,19847.0,39801.0,17622.0,319.0,241.0,321.0,280.0
151,0.10820579701246162,0.0037555316472914347,PER,Red Bull Racing,77261.0,19762.0,39710.0,17789.0,303.0,245.0,300.0,314.0
152,0.427052936177848,0.6530374925195478,PER,Red Bull Racing,76930.0,19816.0,39213.0,17901.0,300.0,245.0,300.0,300.0
153,-0.28168427931558193,-2.102552165885809,PER,Red Bull Racing,75998.0,19439.0,39119.0,17440.0,320.0,240.0,325.0,294.0
154,-0.48390856801657456,-0.41733316786458474,PER,Red Bull Racing,76388.0,19760.0,38981.0,17647.0,319.0,245.0,299.0,312.0
155,-0.047221791513154,1.035519430727608,PER,Red Bull Racing,76056.0,19561.0,38933.0,17562.0,301.0,248.0,300.0,290.0
156,-0.451761935937518,-0.3097876002511315,PER,Red Bull Racing,75969.0,19597.0,38914.0,17458.0,302.0,244.0,318.0,298.0
157,-0.34558973648555086,0.7241418111548763,PER,Red Bull Racing,75463.0,19497.0,38440.0,17526.0,303.0,241.0,302.0,298.0
158,-0.2655085329013583,0.7911908598593398,PER,Red Bull Racing,75842.0,19512.0,38837.0,17493.0,304.0,248.0,302.0,291.0
159,-0.6278134583073323,0.7017646046133753,PER,Red Bull Racing,75641.0,19411.0,38732.0,17498.0,303.0,247.0,303.0,302.0
160,-1.0355821896332102,0.7061832856600395,PER,Red Bull Racing,75527.0,19470.0,38598.0,17459.0,304.0,251.0,306.0,305.0
161,-0.5077764597215495,0.2861293411924813,PER,Red Bull Racing,76062.0,19640.0,38893.0,17529.0,305.0,245.0,304.0,306.0
162,-0.29291706065622347,0.25574028054121667,PER,Red Bull Racing,76028.0,19569.0,38954.0,17505.0,304.0,241.0,302.0,305.0
163,0.11019605488477204,0.31892148153013333,PER,Red Bull Racing,76415.0,19450.0,39300.0,17665.0,303.0,244.0,301.0,300.0
164,-0.6467140025144872,0.6954491639504375,PER,Red Bull Racing,76038.0,19551.0,38843.0,17644.0,304.0,251.0,303.0,306.0
165,-0.22240347888338402,0.8190393713093778,PER,Red Bull Racing,76369.0,19518.0,39021.0,17830.0,303.0,251.0,300.0,304.0
166,-0.8292773337934476,0.7998664136230467,PER,Red Bull Racing,75224.0,19338.0,38511.0,17375.0,302.0,240.0,298.0,311.0
167,-0.5227009251988124,1.0150738363548772,PER,Red Bull Racing,74977.0,19261.0,38312.0,17404.0,303.0,242.0,300.0,294.0
168,-0.002519046655643682,0.41865741333795886,PER,Red Bull Racing,75340.0,19303.0,38566.0,17471.0,304.0,236.0,302.0,292.0
169,-1.3367078899839355,0.8280554407129065,PER,Red Bull Racing,74759.0,19242.0,38218.0,17299.0,305.0,247.0,304.0,306.0
170,-1.9865631268358839,-0.5276105901144468,PER,Red Bull Racing,74956.0,19275.0,38572.0,17109.0,313.0,254.0,320.0,309.0
171,-2.3474600016758247,-1.3060538309084553,PER,Red Bull Racing,74686.0,19150.0,38471.0,17065.0,322.0,252.0,322.0,317.0
172,-2.4788276803709253,-2.0349919970838313,PER,Red Bull Racing,75126.0,19294.0,38824.0,17008.0,325.0,250.0,324.0,328.0
173,-1.5587228714402461,-1.169432877453589,PER,Red Bull Racing,75048.0,19226.0,38630.0,17192.0,319.0,251.0,323.0,301.0
174,-1.9653332716901164,-1.38995968659658,PER,Red Bull Racing,74771.0,19058.0,38518.0,17195.0,322.0,251.0,323.0,311.0
175,-2.494244919757244,-1.2028434068158298,PER,Red Bull Racing,74349.0,18963.0,38315.0,17071.0,323.0,256.0,325.0,311.0
176,-2.112584001586303,-1.3115739945076565,PER,Red Bull Racing,74757.0,19173.0,38509.0,17075.0,324.0,255.0,324.0,305.0
177,-2.563178770409244,-1.0612993717888708,PER,Red Bull Racing,74440.0,19204.0,38209.0,17027.0,323.0,258.0,326.0,308.0
178,-2.7478741513097695,-1.524401446861328,PER,Red Bull Racing,74712.0,19136.0,38498.0,17078.0,324.0,255.0,324.0,326.0
179,-2.048872506635587,-1.547501426321227,PER,Red Bull Racing,74768.0,19311.0,38437.0,17020.0,323.0,251.0,327.0,305.0
180,-1.209336593255811,0.6049964271346991,PER,Red Bull Racing,75652.0,19294.0,38935.0,17423.0,305.0,252.0,302.0,314.0
181,-1.3301664529910873,-0.8260239879465888,PER,Red Bull Racing,75939.0,19508.0,39289.0,17142.0,302.0,252.0,328.0,305.0
182,12.594218954788623,1.1650510624681307,STR,Aston Martin,123170.0,65147.0,40483.0,17540.0,312.0,250.0,302.0,214.0
183,0.426494931141747,-0.22046218462749978,STR,Aston Martin,76959.0,19735.0,39709.0,17515.0,304.0,237.0,299.0,303.0
184,-0.02424315314774968,-1.0932317323780412,STR,Aston Martin,76443.0,19729.0,39391.0,17323.0,315.0,248.0,319.0,279.0
185,-0.5435406193229211,-1.550361618502838,STR,Aston Martin,76455.0,19608.0,39527.0,17320.0,316.0,248.0,321.0,297.0
186,-0.5379950700967718,-2.38944981946454,STR,Aston Martin,76467.0,19565.0,39699.0,17203.0,319.0,241.0,324.0,303.0
187,-0.16383894382533123,-1.9385391316030867,STR,Aston Martin,76700.0,19667.0,39738.0,17295.0,318.0,245.0,322.0,291.0
188,-0.41212325751560164,-1.9492684172383516,STR,Aston Martin,76915.0,19727.0,39851.0,17337.0,313.0,246.0,325.0,302.0
189,-0.33108552609676173,-1.989993120835789,STR,Aston Martin,76932.0,19612.0,39830.0,17490.0,315.0,246.0,323.0,305.0
190,-0.4528861283145612,-1.9988771079641352,STR,Aston Martin,77048.0,19661.0,39944.0,17443.0,317.0,248.0,321.0,307.0
191,-0.15548438577362017,-1.6568976364230625,STR,Aston Martin,77079.0,19707.0,39759.0,17613.0,315.0,248.0,320.0,302.0
192,-0.07153777608323175,-2.7565844295895134,STR,Aston Martin,77417.0,19559.0,40363.0,17495.0,317.0,243.0,325.0,309.0
193,0.16210643626213522,-1.5453927123432325,STR,Aston Martin,77281.0,19778.0,39890.0,17613.0,312.0,246.0,319.0,298.0
194,-0.021447963478122525,-1.7331725855968803,STR,Aston Martin,77275.0,19643.0,40029.0,17603.0,318.0,249.0,316.0,301.0
195,0.32652323905368547,-0.6874363603737572,STR,Aston Martin,77276.0,19805.0,39784.0,17687.0,315.0,248.0,304.0,296.0
196,0.7993899524786048,0.17606675183906476,STR,Aston Martin,77197.0,19838.0,39624.0,17735.0,300.0,241.0,302.0,293.0
197,0.7624309426287885,0.7901348171652792,STR,Aston Martin,77361.0,19833.0,39781.0,17747.0,296.0,248.0,300.0,289.0
198,-0.30999610077508755,-0.33398289811738413,STR,Aston Martin,75676.0,19604.0,38913.0,17159.0,301.0,240.0,319.0,286.0
199,-1.3659017828884084,0.48287711818437185,STR,Aston Martin,75797.0,19362.0,39105.0,17330.0,295.0,247.0,307.0,326.0
200,-0.5948878883357432,-1.5899784488204813,STR,Aston Martin,75772.0,19451.0,39199.0,17122.0,315.0,241.0,322.0,293.0
201,-0.5217637558410052,0.8618246267594843,STR,Aston Martin,75879.0,19414.0,39000.0,17465.0,297.0,242.0,298.0,312.0
202,0.5136545550581443,0.37260733255720974,STR,Aston Martin,76038.0,19561.0,39056.0,17421.0,302.0,236.0,301.0,284.0
203,-0.01167826323080422,0.6033512241720712,STR,Aston Martin,75929.0,19499.0,38982.0,17448.0,303.0,244.0,302.0,289.0
204,-0.23439997292480752,0.7175618559157388,STR,Aston Martin,75843.0,19508.0,38910.0,17425.0,302.0,245.0,302.0,293.0
205,-0.28896723736400715,0.6816651718328481,STR,Aston Martin,76135.0,19614.0,39010.0,17511.0,304.0,249.0,302.0,295.0
206,-0.759352843893976,0.5896589171170113,STR,Aston Martin,75565.0,19430.0,38753.0,17382.0,305.0,249.0,305.0,298.0
207,-0.3434463292855926,0.5073482730664307,STR,Aston Martin,75822.0,19399.0,38961.0,17462.0,306.0,248.0,303.0,293.0
208,-0.17909061308395335,0.38897516301332574,STR,Aston Martin,76176.0,19468.0,39219.0,17489.0,305.0,248.0,303.0,294.0
209,-0.36234229450602373,0.7688694474266592,STR,Aston Martin,76185.0,19564.0,39081.0,17540.0,300.0,249.0,303.0,300.0
210,0.03894689654310221,0.3657350566042451,STR,Aston Martin,76266.0,19435.0,39144.0,17687.0,305.0,247.0,303.0,295.0
211,0.03346424473602379,0.2975065009329496,STR,Aston Martin,75943.0,19364.0,39014.0,17565.0,306.0,243.0,302.0,293.0
212,0.39982116057684414,0.37670066477949526,STR,Aston Martin,76442.0,19434.0,39195.0,17813.0,305.0,246.0,302.0,291.0
213,-1.465961154966874,1.1615718324995727,STR,Aston Martin,74408.0,19121.0,38182.0,17105.0,303.0,249.0,304.0,298.0
214,-0.06537499362576091,0.04777078652309205,STR,Aston Martin,75148.0,19207.0,38611.0,17330.0,306.0,236.0,307.0,286.0
215,-1.1095350115926912,0.9999723114287247,STR,Aston Martin,74729.0,19227.0,38312.0,17190.0,307.0,250.0,303.0,291.0
216,-0.5101124896935758,0.5466293163983761,STR,Aston Martin,74646.0,19164.0,38190.0,17292.0,305.0,236.0,303.0,293.0
217,-0.8047709313244187,0.8648505601991477,STR,Aston Martin,74522.0,19142.0,38165.0,17215.0,304.0,241.0,303.0,292.0
218,-1.43848841009791,1.1153573198001758,STR,Aston Martin,74409.0,19182.0,38051.0,17176.0,306.0,249.0,303.0,298.0
219,-1.346544458157109,1.1884616562122516,STR,Aston Martin,74477.0,19161.0,38137.0,17179.0,305.0,249.0,302.0,297.0
220,-1.473418350623902,0.9847249362407974,STR,Aston Martin,74085.0,19001.0,37957.0,17127.0,306.0,246.0,304.0,298.0
221,-1.7573415370467234,1.3608146618702766,STR,Aston Martin,74231.0,19052.0,37985.0,17194.0,305.0,254.0,304.0,300.0
222,-1.6903310779676346,1.4512599313521715,STR,Aston Martin,74007.0,19106.0,37834.0,17067.0,306.0,252.0,303.0,293.0
223,-1.5124748231697547,1.409002098085124,STR,Aston Martin,74338.0,19055.0,38083.0,17200.0,305.0,253.0,302.0,296.0
224,-1.3320217486429415,1.2217568757910662,STR,Aston Martin,74508.0,19136.0,38181.0,17191.0,306.0,253.0,304.0,291.0
225,10.185026134140589,-0.4764859962588718,SAI,Ferrari,112248.0,54349.0,40450.0,17449.0,312.0,236.0,313.0,229.0
226,-0.14275312682059205,-0.7068272152105318,SAI,Ferrari,77240.0,19753.0,39933.0,17554.0,308.0,247.0,307.0,310.0
227,-0.010002693343974673,-2.2643496754173587,SAI,Ferrari,76543.0,19767.0,39358.0,17418.0,324.0,245.0,327.0,282.0
228,-0.7112825589907,-2.560336570652794,SAI,Ferrari,76465.0,19572.0,39526.0,17367.0,323.0,244.0,326.0,307.0
229,-0.7589879549221663,-2.8214270441679448,SAI,Ferrari,76539.0,19475.0,39666.0,17398.0,326.0,246.0,327.0,308.0
230,-0.30463223376180254,-2.9856796319129706,SAI,Ferrari,76623.0,19552.0,39586.0,17485.0,324.0,241.0,330.0,302.0
231,-0.48553673429627414,-3.0270506351693536,SAI,Ferrari,76844.0,19617.0,39793.0,17434.0,325.0,244.0,329.0,306.0
232,-0.5328274959014901,-3.282220302133628,SAI,Ferrari,76897.0,19437.0,40017.0,17443.0,324.0,243.0,330.0,312.0
233,0.03157210470790139,-2.8757939449499403,SAI,Ferrari,77190.0,19638.0,40045.0,17507.0,322.0,242.0,326.0,301.0
234,-0.36872143037828453,-3.078145447904552,SAI,Ferrari,76895.0,19551.0,39899.0,17445.0,325.0,244.0,329.0,304.0
235,0.13817344188281933,-3.1369634741901153,SAI,Ferrari,77506.0,19636.0,40249.0,17621.0,324.0,242.0,325.0,306.0
236,-0.26445313499852935,-3.564971915476531,SAI,Ferrari,77343.0,19410.0,40366.0,17567.0,327.0,243.0,327.0,315.0
237,-0.45855854469540924,-3.098777572265931,SAI,Ferrari,77221.0,19510.0,40113.0,17598.0,325.0,244.0,324.0,319.0
238,-0.5298827246840914,-2.6114296029119144,SAI,Ferrari,77229.0,19588.0,39885.0,17756.0,322.0,246.0,322.0,323.0
239,-0.6151706624760066,-2.4579606168182675,SAI,Ferrari,77022.0,19458.0,39988.0,17576.0,321.0,246.0,320.0,320.0
240,-0.34694818360344726,0.1773819311312626,SAI,Ferrari,76752.0,19490.0,39303.0,17959.0,303.0,247.0,301.0,324.0
241,0.46399905469828695,0.2422357431304365,SAI,Ferrari,77139.0,19708.0,39490.0,17941.0,302.0,245.0,301.0,304.0
242,-1.1566742077290693,0.574625852513729,SAI,Ferrari,75399.0,19219.0,38629.0,17551.0,302.0,244.0,301.0,324.0
243,-0.6762311255708803,0.5548322080642699,SAI,Ferrari,75758.0,19403.0,38761.0,17594.0,306.0,250.0,304.0,303.0
244,-0.8165587436528982,0.2904255142603325,SAI,Ferrari,75590.0,19262.0,38771.0,17557.0,308.0,249.0,305.0,306.0
245,-1.495771035508103,-2.6907598479354227,SAI,Ferrari,76049.0,19319.0,39418.0,17312.0,324.0,247.0,328.0,322.0
246,-1.3710688870818812,-1.7569566600633038,SAI,Ferrari,75603.0,19358.0,38905.0,17340.0,318.0,248.0,327.0,310.0
247,-1.2622140689347965,-1.014137488392912,SAI,Ferrari,75948.0,19374.0,39093.0,17481.0,325.0,249.0,303.0,322.0
248,-0.22066072523919486,0.7756539886321501,SAI,Ferrari,75977.0,19430.0,38966.0,17581.0,301.0,247.0,302.0,297.0
249,-0.34355557811490434,0.696202893719988,SAI,Ferrari,75962.0,19421.0,38901.0,17640.0,304.0,249.0,302.0,299.0
250,-0.29972168379989556,0.6637932685555125,SAI,Ferrari,76167.0,19542.0,38909.0,17716.0,304.0,250.0,303.0,300.0
251,0.11081813134536506,0.35810426725047345,SAI,Ferrari,76526.0,19475.0,39252.0,17799.0,303.0,247.0,303.0,300.0
252,-0.23094753888050978,0.273928712424112,SAI,Ferrari,76521.0,19549.0,39276.0,17696.0,305.0,250.0,304.0,303.0
253,-0.4738688925420429,0.4324960319958216,SAI,Ferrari,75997.0,19423.0,38985.0,17589.0,306.0,249.0,303.0,302.0
254,-1.1516202128142468,0.860538495987485,SAI,Ferrari,75008.0,19286.0,38364.0,17358.0,306.0,251.0,305.0,299.0
255,-1.0839741586415055,0.8643761870631306,SAI,Ferrari,75069.0,19329.0,38373.0,17367.0,305.0,249.0,304.0,301.0
256,-1.3681372887756977,1.0490575080888405,SAI,Ferrari,74611.0,19144.0,38149.0,17318.0,306.0,251.0,304.0,300.0
257,-1.4225015496953102,1.1270706243681494,SAI,Ferrari,74687.0,19135.0,38251.0,17301.0,305.0,252.0,303.0,302.0
258,-1.5813735303672818,1.4142878104013823,SAI,Ferrari,74406.0,19203.0,37929.0,17274.0,304.0,252.0,303.0,301.0
259,-1.4222382996888976,1.2472219035418624,SAI,Ferrari,74569.0,19186.0,37973.0,17410.0,306.0,253.0,304.0,300.0
260,-1.3078782329649221,1.3129507127483857,SAI,Ferrari,74671.0,19213.0,38124.0,17334.0,304.0,252.0,303.0,298.0
261,-1.5424187235201239,1.294564448735006,SAI,Ferrari,74581.0,19122.0,38141.0,17318.0,305.0,255.0,304.0,300.0
262,-1.3221866042967914,1.34616426341172,SAI,Ferrari,74699.0,19195.0,38137.0,17367.0,302.0,252.0,304.0,300.0
263,-1.1355924623349218,1.1832821517884364,SAI,Ferrari,74913.0,19191.0,38268.0,17454.0,305.0,252.0,302.0,300.0
264,-1.0202795353155092,1.3543419688505551,SAI,Ferrari,74977.0,19194.0,38321.0,17462.0,302.0,252.0,302.0,298.0
265,2.9846176806664757,-0.609348326926108,GAS,Alpine,80965.0,22928.0,40595.0,17442.0,316.0,244.0,301.0,240.0
266,1.0759334535775682,-0.639513770836326,GAS,Alpine,77261.0,19906.0,39737.0,17618.0,309.0,239.0,306.0,281.0
267,-0.010469388806792207,-2.234760213952781,GAS,Alpine,76677.0,19852.0,39534.0,17291.0,318.0,240.0,326.0,289.0
268,-0.37436979773270174,-2.5046291487043066,GAS,Alpine,76437.0,19619.0,39466.0,17352.0,320.0,239.0,326.0,302.0
269,-0.3709110709370458,-2.3922813976331714,GAS,Alpine,76558.0,19514.0,39663.0,17381.0,319.0,241.0,324.0,304.0
270,-0.6451366094895775,-2.6633777644490273,GAS,Alpine,76531.0,19543.0,39620.0,17368.0,320.0,242.0,328.0,309.0
271,-0.41289081565223024,-2.467347038411524,GAS,Alpine,76882.0,19546.0,39772.0,17564.0,319.0,245.0,326.0,309.0
272,-0.12711588142630387,-2.705948056982989,GAS,Alpine,77203.0,19639.0,40051.0,17513.0,320.0,243.0,325.0,306.0
273,-0.20282517285378948,-3.1565709540040756,GAS,Alpine,77282.0,19625.0,40140.0,17517.0,322.0,241.0,327.0,312.0
274,-0.3606212784215489,-2.847034063075392,GAS,Alpine,77196.0,19753.0,39855.0,17588.0,321.0,241.0,325.0,317.0
275,0.5539166164176887,-2.9222893268187256,GAS,Alpine,77744.0,19848.0,40317.0,17579.0,319.0,238.0,324.0,300.0
276,0.2358136100201505,-2.839667352981423,GAS,Alpine,77444.0,19728.0,40005.0,17711.0,320.0,238.0,323.0,310.0
277,-0.4527167956116851,-1.546476239487355,GAS,Alpine,77205.0,19836.0,39743.0,17626.0,307.0,249.0,326.0,311.0
278,-0.35524364840843475,-2.6004231210745377,GAS,Alpine,77174.0,19684.0,39976.0,17514.0,320.0,246.0,326.0,308.0
279,-0.26626147107402637,-2.3121793273311746,GAS,Alpine,77411.0,19683.0,40016.0,17712.0,319.0,248.0,322.0,313.0
280,0.2259245832909661,-1.7132227235367512,GAS,Alpine,77363.0,19725.0,39923.0,17715.0,317.0,241.0,310.0,310.0
281,0.2737538279979127,-0.6494665156324142,GAS,Alpine,77383.0,19805.0,39883.0,17695.0,305.0,244.0,308.0,306.0
282,0.6858090179758503,-0.44764183283792336,GAS,Alpine,77474.0,19794.0,39875.0,17805.0,304.0,243.0,306.0,299.0
283,-1.427867937269732,-0.6881562769886558,GAS,Alpine,75215.0,19349.0,38714.0,17152.0,308.0,250.0,325.0,300.0
284,-0.8268309483069729,-2.739657102121306,GAS,Alpine,76408.0,19283.0,39816.0,17309.0,320.0,242.0,326.0,315.0
285,-1.6494877466057558,-1.3992647857214007,GAS,Alpine,75602.0,19443.0,38962.0,17197.0,307.0,246.0,329.0,319.0
286,-1.0665167390782575,-2.798646628284133,GAS,Alpine,76162.0,19343.0,39536.0,17283.0,321.0,242.0,329.0,316.0
287,-1.4729439104721862,-0.005649872923726191,GAS,Alpine,75630.0,19275.0,38956.0,17399.0,303.0,245.0,306.0,331.0
288,-0.6991734780177239,0.6945010843139151,GAS,Alpine,75443.0,19412.0,38739.0,17292.0,301.0,249.0,309.0,291.0
289,-0.6128802079797326,0.403766484433001,GAS,Alpine,75679.0,19356.0,38895.0,17428.0,303.0,249.0,309.0,296.0
290,-0.600058859568881,0.2754097357300905,GAS,Alpine,75730.0,19395.0,38928.0,17407.0,304.0,249.0,310.0,295.0
291,-0.6935457047374958,0.27052761534517666,GAS,Alpine,75710.0,19533.0,38912.0,17265.0,303.0,248.0,311.0,294.0
292,-0.31669909898865317,0.06375997382375294,GAS,Alpine,75961.0,19473.0,39094.0,17394.0,304.0,247.0,311.0,291.0
293,-0.31354151225141164,-0.24881686025943744,GAS,Alpine,76002.0,19405.0,39158.0,17439.0,306.0,245.0,311.0,296.0
294,-0.06281158538480493,-1.4411816365432355,GAS,Alpine,76515.0,19516.0,39520.0,17479.0,319.0,244.0,313.0,295.0
295,-0.5525987818283283,-0.19538936741179933,GAS,Alpine,76630.0,19515.0,39547.0,17568.0,311.0,250.0,301.0,313.0
296,0.71763400725078,-0.11674499238187926,GAS,Alpine,77030.0,19624.0,39785.0,17621.0,299.0,243.0,309.0,287.0
297,0.34159015342573945,0.07664134533186756,GAS,Alpine,76619.0,19661.0,39328.0,17630.0,300.0,244.0,310.0,290.0
298,-1.5550405936792704,-0.43221304444001085,GAS,Alpine,74521.0,19161.0,38402.0,16958.0,306.0,244.0,322.0,299.0
299,-1.9741120090969912,-1.5049497511990642,GAS,Alpine,74703.0,19059.0,38666.0,16978.0,319.0,249.0,326.0,307.0
300,-1.5152163455512624,0.3310555616060076,GAS,Alpine,74969.0,19158.0,38527.0,17284.0,309.0,247.0,303.0,316.0
301,-0.44634461694526506,0.9018588651710737,GAS,Alpine,75114.0,19358.0,38593.0,17163.0,299.0,243.0,306.0,284.0
302,-0.7596065867836531,0.5360406892447301,GAS,Alpine,75036.0,19275.0,38529.0,17232.0,305.0,248.0,310.0,286.0
303,-1.201151119363892,-0.22995427187174086,GAS,Alpine,75031.0,19300.0,38678.0,17053.0,306.0,252.0,324.0,285.0
304,-0.8949061848146546,0.4320540297199262,GAS,Alpine,75059.0,19221.0,38588.0,17250.0,305.0,248.0,310.0,292.0
305,-1.3161929004414408,0.6999825928498477,GAS,Alpine,74794.0,19190.0,38409.0,17195.0,304.0,250.0,309.0,298.0
306,-1.2795201641405312,0.8171489691400102,GAS,Alpine,74618.0,19212.0,38217.0,17189.0,305.0,250.0,309.0,293.0
307,-1.2891743879731077,0.5657096175288344,GAS,Alpine,74727.0,19167.0,38373.0,17187.0,306.0,249.0,309.0,297.0
308,-1.605983826747138,0.6857158657731848,GAS,Alpine,74654.0,19095.0,38412.0,17147.0,305.0,252.0,309.0,302.0
309,-1.166185195420952,0.4295437511690094,GAS,Alpine,74900.0,19147.0,38431.0,17322.0,306.0,248.0,309.0,301.0
310,-1.4237582730107838,0.7495789689077915,GAS,Alpine,74938.0,19213.0,38492.0,17233.0,305.0,254.0,309.0,299.0
311,-1.2146645283313122,0.2014063534147559,GAS,Alpine,75017.0,19179.0,38591.0,17247.0,307.0,248.0,310.0,302.0
312,-1.305196674367182,0.45257326369914724,GAS,Alpine,74967.0,19115.0,38591.0,17261.0,308.0,252.0,308.0,300.0
313,-1.183837459590582,0.3176814519413842,GAS,Alpine,75247.0,19173.0,38772.0,17302.0,307.0,251.0,308.0,303.0
314,-1.2128286881522816,0.44529908942816065,GAS,Alpine,75113.0,19153.0,38721.0,17239.0,305.0,250.0,308.0,302.0
315,13.343119997565589,2.5311034414640803,HAM,Mercedes,125489.0,68028.0,39877.0,17584.0,296.0,244.0,299.0,213.0
316,0.790072000409188,1.309983937952565,HAM,Mercedes,76838.0,20084.0,39162.0,17592.0,297.0,244.0,296.0,279.0
317,0.24275086585283015,1.475165864764588,HAM,Mercedes,76474.0,19827.0,39009.0,17638.0,297.0,248.0,296.0,289.0
318,0.7582336403309081,1.6612161701285784,HAM,Mercedes,76543.0,19846.0,39099.0,17598.0,291.0,243.0,296.0,280.0
319,0.9343164893367482,1.821333459280891,HAM,Mercedes,76739.0,19869.0,39252.0,17618.0,288.0,244.0,296.0,277.0
320,0.6373924602499885,1.684830552876659,HAM,Mercedes,76599.0,19795.0,39132.0,17672.0,291.0,247.0,298.0,281.0
321,1.479593032545125,1.5265643342868893,HAM,Mercedes,76951.0,19913.0,39348.0,17690.0,290.0,239.0,295.0,271.0
322,1.121767583759546,1.4975960325900548,HAM,Mercedes,76996.0,19898.0,39355.0,17743.0,293.0,246.0,297.0,274.0
323,1.245645021728825,1.3913880655244,HAM,Mercedes,77096.0,19802.0,39500.0,17794.0,291.0,243.0,296.0,279.0
324,1.1554705492117738,1.5985865825221615,HAM,Mercedes,76977.0,19778.0,39438.0,17761.0,292.0,245.0,294.0,277.0
325,1.4256289327395337,1.3819144575821776,HAM,Mercedes,77252.0,19864.0,39523.0,17865.0,295.0,245.0,294.0,274.0
326,1.151007749434027,1.4174941253124238,HAM,Mercedes,77360.0,19904.0,39553.0,17903.0,294.0,247.0,294.0,283.0
327,0.6026954094698984,1.3561794779164453,HAM,Mercedes,76419.0,19789.0,39101.0,17529.0,295.0,244.0,298.0,279.0
328,-0.5381294114271415,0.685757683785576,HAM,Mercedes,75516.0,19442.0,38753.0,17321.0,297.0,248.0,313.0,288.0
329,-0.10828918076888548,1.1259916170629305,HAM,Mercedes,76146.0,19390.0,39206.0,17550.0,292.0,239.0,294.0,312.0
330,1.0231033724440453,0.21961588696160275,HAM,Mercedes,77773.0,20068.0,40168.0,17537.0,295.0,237.0,297.0,297.0
331,1.1393662874096058,0.5103380503466303,HAM,Mercedes,76884.0,19673.0,39663.0,17548.0,299.0,236.0,295.0,283.0
332,1.175157008766505,0.7194859280345612,HAM,Mercedes,77027.0,19724.0,39687.0,17616.0,298.0,242.0,298.0,276.0
333,1.1982182911942927,1.0058457669905494,HAM,Mercedes,76740.0,19623.0,39497.0,17620.0,295.0,240.0,297.0,275.0
334,1.4292247526032649,-0.4966287699272223,HAM,Mercedes,77041.0,19668.0,39766.0,17607.0,312.0,237.0,300.0,272.0
335,0.4783559346051989,0.9585356127307892,HAM,Mercedes,76465.0,19468.0,39432.0,17565.0,299.0,245.0,296.0,287.0
336,0.1431849720539498,0.6328951716718721,HAM,Mercedes,76207.0,19487.0,39074.0,17646.0,301.0,241.0,298.0,300.0
337,0.389545088736267,0.7202875236149479,HAM,Mercedes,76274.0,19434.0,39220.0,17620.0,302.0,242.0,296.0,292.0
338,0.49237755832272495,1.2723984550451424,HAM,Mercedes,76077.0,19437.0,39079.0,17561.0,294.0,241.0,297.0,286.0
339,0.37549129566130335,1.2967668661194025,HAM,Mercedes,76089.0,19509.0,38973.0,17607.0,300.0,248.0,298.0,279.0
340,0.4840478158874573,1.2286010220668513,HAM,Mercedes,76382.0,19527.0,39226.0,17629.0,297.0,247.0,298.0,283.0
341,0.05668084100323876,1.2174429351828888,HAM,Mercedes,76146.0,19465.0,39106.0,17575.0,298.0,249.0,299.0,289.0
342,0.44733381241317793,0.9771120164886572,HAM,Mercedes,76283.0,19520.0,39210.0,17553.0,297.0,243.0,299.0,286.0
343,0.8292862790210827,0.0038776108373217207,HAM,Mercedes,77544.0,19731.0,40182.0,17631.0,298.0,241.0,300.0,298.0
344,0.43715330546163184,1.0305937499097853,HAM,Mercedes,76327.0,19535.0,39144.0,17648.0,303.0,249.0,298.0,280.0
345,0.4918470382425636,1.0544307894487794,HAM,Mercedes,76616.0,19606.0,39305.0,17705.0,299.0,247.0,297.0,288.0
346,0.11439186450194018,1.4417655045309268,HAM,Mercedes,76426.0,19594.0,39078.0,17754.0,297.0,250.0,296.0,295.0
347,0.6259407071751312,1.1393730146901548,HAM,Mercedes,76540.0,19504.0,39122.0,17914.0,299.0,245.0,295.0,292.0
348,1.2328622592889806,1.0420316538754075,HAM,Mercedes,77225.0,19598.0,39494.0,18133.0,297.0,246.0,296.0,287.0
349,0.6240429668431298,0.8871062976914983,HAM,Mercedes,76975.0,19635.0,39423.0,17917.0,299.0,247.0,297.0,295.0
350,-0.41532324219974276,0.6108338998499773,HAM,Mercedes,75758.0,19119.0,39203.0,17436.0,298.0,236.0,293.0,319.0
351,0.6389910225179453,1.338249322906629,HAM,Mercedes,75821.0,19557.0,38831.0,17433.0,299.0,239.0,294.0,275.0
352,-0.4982869685679143,-1.5210400459792712,HAM,Mercedes,75945.0,19364.0,39483.0,17098.0,321.0,245.0,315.0,289.0
353,-0.33939788727526343,0.1845663756510327,HAM,Mercedes,75764.0,19164.0,39243.0,17357.0,310.0,244.0,297.0,299.0
354,0.1699850694894696,1.044766845083057,HAM,Mercedes,75696.0,19356.0,39008.0,17332.0,301.0,243.0,297.0,281.0
355,-0.48941092371047984,1.444291036505871,HAM,Mercedes,75205.0,19224.0,38597.0,17384.0,301.0,249.0,298.0,288.0
356,-0.5444439017483225,1.6506032928473655,HAM,Mercedes,75170.0,19238.0,38532.0,17400.0,298.0,249.0,298.0,290.0
357,-0.5702392036628136,1.7844842904281444,HAM,Mercedes,75031.0,19205.0,38470.0,17356.0,297.0,250.0,299.0,286.0
358,-0.33679867475625147,1.8277326465331682,HAM,Mercedes,75173.0,19297.0,38479.0,17397.0,293.0,245.0,298.0,289.0
359,-0.18580330501777884,1.690833229339782,HAM,Mercedes,75299.0,19346.0,38542.0,17411.0,299.0,248.0,297.0,281.0
360,-0.4954712579954291,1.83097341303778,HAM,Mercedes,75131.0,19258.0,38472.0,17401.0,297.0,249.0,297.0,288.0
361,-0.2949124939478732,1.861875877746862,HAM,Mercedes,75415.0,19351.0,38603.0,17461.0,298.0,250.0,295.0,286.0
362,-0.2698750179185442,1.7835324585706214,HAM,Mercedes,75465.0,19377.0,38492.0,17596.0,297.0,249.0,297.0,290.0
363,-0.13885831215680275,1.547414308384774,HAM,Mercedes,75701.0,19530.0,38634.0,17537.0,300.0,248.0,296.0,288.0
364,0.8035993355739961,0.8978189672444833,HAM,Mercedes,76085.0,19486.0,38948.0,17651.0,299.0,236.0,296.0,284.0
365,3.680030732817374,-1.593991112269795,TSU,AlphaTauri,81840.0,23156.0,40617.0,18067.0,317.0,245.0,317.0,238.0
366,0.9472807760970026,0.018704434283133467,TSU,AlphaTauri,77524.0,20148.0,39917.0,17459.0,301.0,245.0,307.0,276.0
367,0.19211655543844341,-2.305874475465968,TSU,AlphaTauri,76953.0,19913.0,39800.0,17240.0,321.0,244.0,326.0,279.0
368,-0.24966972766243914,-1.8771674125059983,TSU,AlphaTauri,76656.0,19870.0,39504.0,17282.0,318.0,246.0,325.0,288.0
369,-0.6142872068092988,-2.749079667685426,TSU,AlphaTauri,76679.0,19616.0,39768.0,17295.0,323.0,244.0,327.0,305.0
370,-0.288387594174008,-2.1514673973471448,TSU,AlphaTauri,76792.0,19567.0,39833.0,17392.0,317.0,246.0,325.0,298.0
371,-0.026437320312627695,-2.1673682413802524,TSU,AlphaTauri,77038.0,19548.0,39923.0,17567.0,315.0,245.0,325.0,300.0
372,-0.09547304724890168,-2.4928088380800286,TSU,AlphaTauri,76956.0,19781.0,39870.0,17305.0,319.0,242.0,326.0,295.0
373,0.39082148729181176,-2.7366626453003566,TSU,AlphaTauri,77146.0,19770.0,39915.0,17461.0,323.0,242.0,327.0,285.0
374,-0.42423305216014634,-0.5944057579352643,TSU,AlphaTauri,77042.0,19818.0,39524.0,17700.0,307.0,246.0,308.0,320.0
375,0.5762366693391927,-0.5698541482675518,TSU,AlphaTauri,77333.0,19834.0,39885.0,17614.0,308.0,245.0,307.0,291.0
376,0.5144266991864131,-0.42572633289487005,TSU,AlphaTauri,77272.0,19793.0,39726.0,17753.0,307.0,243.0,304.0,300.0
377,3.7978755093300336,-3.6503523648117646,TSU,AlphaTauri,82255.0,19915.0,44603.0,17737.0,308.0,237.0,301.0,288.0
378,0.4636632028335954,-0.31444800715422244,TSU,AlphaTauri,77018.0,19827.0,39606.0,17585.0,307.0,242.0,304.0,294.0
379,0.5147965417614404,-0.07314165506531584,TSU,AlphaTauri,77177.0,19809.0,39534.0,17834.0,304.0,243.0,303.0,301.0
380,0.6188937545052597,-0.005748622664952441,TSU,AlphaTauri,77119.0,19762.0,39633.0,17724.0,305.0,244.0,302.0,293.0
381,0.5631730698077347,0.1972739511044179,TSU,AlphaTauri,77095.0,19764.0,39540.0,17791.0,303.0,245.0,302.0,295.0
382,0.524607336188801,0.03465597532101935,TSU,AlphaTauri,76936.0,19693.0,39432.0,17811.0,304.0,243.0,303.0,297.0
383,-0.04851638042301911,0.2559393690161158,TSU,AlphaTauri,76133.0,19395.0,39334.0,17404.0,305.0,244.0,301.0,294.0
384,-0.22450892942224285,0.3044354533188439,TSU,AlphaTauri,75716.0,19315.0,38840.0,17561.0,307.0,244.0,303.0,296.0
385,-0.4513599646847453,-2.1714678940022103,TSU,AlphaTauri,76113.0,19365.0,39469.0,17279.0,315.0,241.0,328.0,297.0
386,-1.2246912347382484,-0.23272479128295964,TSU,AlphaTauri,76088.0,19482.0,39115.0,17491.0,306.0,246.0,306.0,329.0
387,-0.5638475415115207,-1.3397789701852312,TSU,AlphaTauri,76167.0,19515.0,39412.0,17240.0,307.0,242.0,323.0,301.0
388,-1.1797633056854029,-0.8394580772636248,TSU,AlphaTauri,75664.0,19431.0,38873.0,17360.0,320.0,245.0,306.0,316.0
389,-0.7708897256207333,0.6299256895051192,TSU,AlphaTauri,75685.0,19471.0,38834.0,17380.0,305.0,250.0,304.0,299.0
390,-0.18711261013934913,0.319773007139277,TSU,AlphaTauri,75826.0,19432.0,38844.0,17550.0,306.0,244.0,304.0,295.0
391,-0.3382885339348568,0.8277510720845287,TSU,AlphaTauri,76007.0,19509.0,38890.0,17608.0,305.0,250.0,300.0,297.0
392,-0.06912836281645453,0.47772850443504444,TSU,AlphaTauri,76011.0,19481.0,38977.0,17553.0,306.0,247.0,303.0,290.0
393,-0.36639620580414517,0.1635177708535069,TSU,AlphaTauri,76088.0,19456.0,39132.0,17500.0,307.0,248.0,305.0,298.0
394,-0.5687912805026195,0.3918427701317945,TSU,AlphaTauri,75852.0,19358.0,38982.0,17512.0,306.0,249.0,304.0,301.0
395,-0.17138041617052105,0.11338228008462174,TSU,AlphaTauri,76240.0,19419.0,39023.0,17798.0,308.0,249.0,306.0,300.0
396,-0.4042888560888499,-1.0072148086227306,TSU,AlphaTauri,76425.0,19428.0,39256.0,17741.0,309.0,249.0,321.0,304.0
397,-0.6082743382306404,0.057852433342563736,TSU,AlphaTauri,76302.0,19499.0,39266.0,17537.0,306.0,248.0,304.0,311.0
398,-0.2939817030416809,0.5658814108429571,TSU,AlphaTauri,76304.0,19510.0,39119.0,17675.0,304.0,250.0,302.0,302.0
399,-0.1290937810257151,-0.931615836893053,TSU,AlphaTauri,76815.0,19726.0,39585.0,17504.0,320.0,248.0,305.0,298.0
400,-0.1673985454872045,0.2556177704971323,TSU,AlphaTauri,76362.0,19541.0,39090.0,17731.0,307.0,249.0,304.0,300.0
401,-0.46520496511193776,0.34025654995251814,TSU,AlphaTauri,76094.0,19485.0,39029.0,17580.0,306.0,248.0,303.0,304.0
402,-0.3768496899112133,0.4032436431838741,TSU,AlphaTauri,76053.0,19402.0,39079.0,17572.0,304.0,248.0,304.0,301.0
403,-0.45159337792640813,0.7034857603568858,TSU,AlphaTauri,75502.0,19336.0,38645.0,17521.0,304.0,245.0,302.0,298.0
404,-0.7425583704908894,1.1061376254214754,TSU,AlphaTauri,75204.0,19395.0,38393.0,17416.0,303.0,248.0,302.0,295.0
405,-1.1040047283803909,1.1418092612129518,TSU,AlphaTauri,74789.0,19308.0,38081.0,17400.0,305.0,249.0,303.0,298.0
406,-1.0204268716615181,1.2957497498841108,TSU,AlphaTauri,74664.0,19272.0,37996.0,17396.0,304.0,247.0,301.0,297.0
407,-1.5094145592246941,1.3226786699241369,TSU,AlphaTauri,74231.0,19075.0,37813.0,17343.0,305.0,249.0,302.0,303.0
408,-0.6127163605047693,0.6847427950161227,TSU,AlphaTauri,75087.0,19264.0,38376.0,17447.0,302.0,240.0,303.0,302.0
409,-0.7526896086566905,1.1006180833925516,TSU,AlphaTauri,75036.0,19313.0,38196.0,17527.0,303.0,247.0,303.0,297.0
410,-0.66910775228472,1.0977180708175027,TSU,AlphaTauri,75119.0,19405.0,38264.0,17450.0,302.0,244.0,301.0,298.0
411,4.425269847206853,-2.1827560168055746,OCO,Alpine,82275.0,23847.0,40801.0,17627.0,321.0,225.0,307.0,234.0
412,0.6886989973055543,-1.234053768840727,OCO,Alpine,77111.0,19910.0,39661.0,17540.0,312.0,238.0,312.0,288.0
413,0.6497865099399199,-2.481698596681062,OCO,Alpine,76927.0,19867.0,39668.0,17392.0,322.0,237.0,324.0,278.0
414,0.39023974737829903,-2.599545029509331,OCO,Alpine,76597.0,19686.0,39522.0,17389.0,318.0,233.0,327.0,288.0
415,-0.15373707842321999,-2.6543408196012273,OCO,Alpine,76626.0,19508.0,39736.0,17382.0,319.0,240.0,328.0,298.0
416,0.5879004614783235,-1.6848843910588893,OCO,Alpine,76818.0,19530.0,39754.0,17534.0,318.0,238.0,312.0,289.0
417,0.2072901321544833,-0.9724626608765179,OCO,Alpine,77076.0,19658.0,39888.0,17530.0,307.0,244.0,313.0,298.0
418,0.3779270944035758,-0.6881336542113137,OCO,Alpine,77131.0,19770.0,39806.0,17555.0,304.0,243.0,312.0,295.0
419,0.36075555114707275,-1.9958317169782944,OCO,Alpine,78248.0,20296.0,40403.0,17549.0,315.0,242.0,313.0,309.0
420,-0.07783641646872108,0.48287750275204405,OCO,Alpine,76085.0,19529.0,39148.0,17408.0,299.0,244.0,306.0,292.0
421,0.13529689387854407,0.01989980504975973,OCO,Alpine,76451.0,19588.0,39398.0,17465.0,300.0,241.0,307.0,296.0
422,0.504113755215543,-0.914837356512835,OCO,Alpine,77138.0,19630.0,40047.0,17461.0,302.0,238.0,311.0,298.0
423,0.5181453443370576,-0.6148804949274206,OCO,Alpine,77151.0,19725.0,39972.0,17454.0,303.0,242.0,310.0,291.0
424,0.5708597719482303,-1.0632818604902945,OCO,Alpine,77299.0,19641.0,40147.0,17511.0,304.0,239.0,311.0,298.0
425,0.10322025024017198,-0.38273242357499454,OCO,Alpine,76942.0,19674.0,39789.0,17479.0,302.0,244.0,309.0,300.0
426,0.2901249337444606,-0.8516231588997986,OCO,Alpine,76894.0,19613.0,39801.0,17480.0,305.0,240.0,311.0,298.0
427,0.12321018612506877,-0.908603259592287,OCO,Alpine,76737.0,19567.0,39646.0,17524.0,306.0,241.0,313.0,300.0
428,0.15528127203612327,-0.6077184119584801,OCO,Alpine,76740.0,19558.0,39640.0,17542.0,303.0,242.0,312.0,299.0
429,0.32105818590263024,-1.3577328029990976,OCO,Alpine,77432.0,19919.0,39990.0,17523.0,318.0,245.0,308.0,296.0
430,0.7366764781471328,-0.700267692902971,OCO,Alpine,77230.0,19699.0,39917.0,17614.0,303.0,239.0,309.0,294.0
431,0.8260789262131902,-0.6811659395679361,OCO,Alpine,77164.0,19653.0,39788.0,17723.0,305.0,239.0,308.0,293.0
432,-0.4833682470778631,0.2539770702564683,OCO,Alpine,75442.0,19358.0,38801.0,17283.0,299.0,240.0,310.0,297.0
433,-0.8611856730502337,0.21970141863064874,OCO,Alpine,75365.0,19349.0,38811.0,17205.0,301.0,244.0,311.0,300.0
434,-0.7356555999078089,-0.07825850499179315,OCO,Alpine,75538.0,19305.0,38949.0,17284.0,305.0,244.0,310.0,301.0
435,-0.656993022224693,-1.3998938427284613,OCO,Alpine,75830.0,19440.0,39094.0,17296.0,306.0,241.0,328.0,300.0
436,-1.0720347388377456,-0.03758761439326185,OCO,Alpine,75902.0,19454.0,38992.0,17456.0,302.0,245.0,309.0,321.0
437,-0.019791271772122015,-0.17575192861225195,OCO,Alpine,76252.0,19445.0,39239.0,17568.0,303.0,242.0,309.0,299.0
438,-0.2994595996969732,0.13090721321215731,OCO,Alpine,76384.0,19394.0,39345.0,17645.0,300.0,247.0,308.0,307.0
439,-0.08342360977415822,-0.015576875492227497,OCO,Alpine,76219.0,19447.0,39270.0,17502.0,302.0,243.0,308.0,298.0
440,0.036631826871318676,0.05404419961871414,OCO,Alpine,76350.0,19388.0,39424.0,17538.0,301.0,244.0,307.0,297.0
441,0.4903002895642857,-0.9486174287190493,OCO,Alpine,76844.0,19718.0,39580.0,17546.0,319.0,247.0,309.0,279.0
442,0.08203974657040394,-0.396141737677697,OCO,Alpine,76554.0,19481.0,39580.0,17493.0,304.0,242.0,308.0,299.0
443,-1.862894426773521,-0.1823286944638507,OCO,Alpine,74206.0,19112.0,38174.0,16920.0,303.0,247.0,326.0,298.0
444,-2.0814740850302766,0.5108623340486972,OCO,Alpine,74520.0,19006.0,38343.0,17171.0,301.0,247.0,309.0,325.0
445,-1.2874347816017098,0.5962472223877695,OCO,Alpine,74810.0,19173.0,38530.0,17107.0,302.0,247.0,309.0,300.0
446,-1.1553970355318444,0.5301305080852479,OCO,Alpine,75007.0,19208.0,38625.0,17174.0,303.0,249.0,310.0,297.0
447,-0.6673840673086866,0.7181277247494531,OCO,Alpine,75156.0,19276.0,38618.0,17262.0,297.0,244.0,310.0,293.0
448,-1.0355331128021723,1.120425553092233,OCO,Alpine,74925.0,19289.0,38423.0,17213.0,298.0,248.0,307.0,295.0
449,-0.40103394147036925,-0.9195213550758323,OCO,Alpine,75760.0,19439.0,39023.0,17298.0,316.0,243.0,313.0,291.0
450,-1.1869246782612157,0.4546024888713236,OCO,Alpine,75132.0,19198.0,38777.0,17157.0,302.0,248.0,309.0,302.0
451,-0.23796640674357392,-0.1885590482889829,OCO,Alpine,75823.0,19597.0,39033.0,17193.0,314.0,248.0,309.0,277.0
452,-0.7700972731339555,0.3522185806392819,OCO,Alpine,75383.0,19247.0,38820.0,17316.0,303.0,246.0,308.0,299.0
453,-1.0342033418652183,0.6779991585287979,OCO,Alpine,75237.0,19204.0,38811.0,17222.0,301.0,250.0,308.0,298.0
454,-0.9053896035021072,0.6979673789185383,OCO,Alpine,75205.0,19200.0,38750.0,17255.0,300.0,248.0,308.0,297.0
455,2.7536485068183203,0.799436171098016,OCO,Alpine,76614.0,20320.0,39073.0,17221.0,314.0,243.0,303.0,193.0
456,3.6881285002408832,-0.9863636249082115,SAR,Williams,81801.0,23011.0,41101.0,17689.0,304.0,240.0,311.0,241.0
457,1.1101377728942963,-0.8659050877538462,SAR,Williams,78262.0,20197.0,40426.0,17639.0,306.0,244.0,308.0,288.0
458,0.03998390111497995,-2.4290998871642966,SAR,Williams,77247.0,19744.0,39920.0,17583.0,324.0,245.0,320.0,300.0
459,-0.14856895670307194,-1.8358123240087658,SAR,Williams,77182.0,19662.0,40058.0,17462.0,315.0,246.0,318.0,304.0
460,-0.4973953053552123,-2.5974245734662813,SAR,Williams,76798.0,19531.0,39829.0,17438.0,321.0,245.0,326.0,307.0
461,-0.17449737510885055,-2.7763056590066513,SAR,Williams,76854.0,19522.0,39929.0,17403.0,317.0,239.0,328.0,305.0
462,0.09515226821967081,-2.943391871370407,SAR,Williams,77295.0,19599.0,40195.0,17501.0,323.0,239.0,321.0,307.0
463,0.4883795550772796,-2.8612432203342175,SAR,Williams,77660.0,19603.0,40335.0,17722.0,319.0,238.0,321.0,308.0
464,0.21101082041660799,-3.479275218454305,SAR,Williams,77921.0,19679.0,40783.0,17459.0,325.0,243.0,325.0,305.0
465,0.28834599498329544,-0.93120873407879,SAR,Williams,77587.0,19746.0,40115.0,17726.0,309.0,244.0,305.0,311.0
466,0.9147064292129092,-0.3386724277583894,SAR,Williams,77850.0,19784.0,40164.0,17902.0,307.0,246.0,300.0,298.0
467,0.08857023562683551,0.35905988585834453,SAR,Williams,76235.0,19761.0,39011.0,17463.0,304.0,242.0,303.0,291.0
468,-0.09025290913094393,0.06424428771260464,SAR,Williams,76379.0,19476.0,39451.0,17452.0,305.0,245.0,303.0,298.0
469,0.0789936273680708,0.19856305539483526,SAR,Williams,76288.0,19598.0,39174.0,17516.0,303.0,241.0,303.0,297.0
470,-0.46236006376124716,0.002280537634943026,SAR,Williams,76358.0,19315.0,39558.0,17485.0,305.0,246.0,301.0,312.0
471,0.10257762813806051,0.5028164520105538,SAR,Williams,76537.0,19628.0,39343.0,17566.0,301.0,245.0,301.0,297.0
472,0.34185711970401234,-0.23029613059181628,SAR,Williams,76658.0,19492.0,39645.0,17521.0,306.0,241.0,302.0,296.0
473,0.5620174935508737,-0.4679882179020868,SAR,Williams,77001.0,19606.0,39708.0,17687.0,305.0,239.0,304.0,300.0
474,1.0291033321726062,-1.1893721333577232,SAR,Williams,77475.0,19927.0,39867.0,17681.0,321.0,240.0,301.0,286.0
475,0.5845050711061143,-0.06714222456589364,SAR,Williams,76951.0,19654.0,39547.0,17750.0,305.0,243.0,303.0,294.0
476,0.6570575959764867,-0.26373649702247853,SAR,Williams,77025.0,19563.0,39783.0,17679.0,304.0,240.0,302.0,297.0
477,0.22023259645608045,0.054055061653156204,SAR,Williams,76648.0,19633.0,39409.0,17606.0,303.0,241.0,302.0,301.0
478,0.2742579009878523,-1.548154242702863,SAR,Williams,77558.0,19843.0,40179.0,17536.0,319.0,244.0,306.0,303.0
479,0.3866326306363366,-2.3702811778935464,SAR,Williams,77703.0,19896.0,40401.0,17406.0,315.0,243.0,323.0,294.0
480,0.4614777382484917,-1.6177837008514724,SAR,Williams,77192.0,19663.0,39984.0,17545.0,321.0,240.0,305.0,298.0
481,0.2803902241893782,-0.6722581334699806,SAR,Williams,76997.0,19670.0,39765.0,17562.0,309.0,241.0,304.0,302.0
482,0.7151508749069513,-0.43468521837595187,SAR,Williams,77240.0,19555.0,39788.0,17897.0,308.0,241.0,300.0,303.0
483,0.44704409302210174,0.11364837768679738,SAR,Williams,76904.0,19611.0,39539.0,17754.0,305.0,244.0,300.0,298.0
484,0.6670357540722596,-0.0386010743918418,SAR,Williams,77047.0,19521.0,39701.0,17825.0,304.0,242.0,300.0,299.0
485,-0.051764086883636706,0.5848784451877201,SAR,Williams,76117.0,19592.0,38991.0,17534.0,305.0,246.0,301.0,292.0
486,0.04832115768119106,0.9912442328920598,SAR,Williams,76051.0,19599.0,38830.0,17622.0,303.0,246.0,298.0,291.0
487,-0.03223571403552406,0.8560929414815674,SAR,Williams,76153.0,19558.0,39127.0,17468.0,301.0,245.0,298.0,294.0
488,-0.14042474129800833,1.045262496989062,SAR,Williams,75738.0,19374.0,38861.0,17503.0,300.0,246.0,300.0,291.0
489,-0.46668131056857054,0.8706655806903171,SAR,Williams,75878.0,19483.0,39017.0,17378.0,301.0,249.0,302.0,295.0
490,-0.1466933093222717,-0.599300426625793,SAR,Williams,76802.0,19639.0,39715.0,17448.0,313.0,247.0,304.0,301.0
491,-0.13454030098467887,0.7163286670084226,SAR,Williams,76286.0,19477.0,39356.0,17453.0,297.0,245.0,301.0,300.0
492,-0.032255369076791544,0.7818333507284599,SAR,Williams,75969.0,19361.0,39046.0,17562.0,302.0,247.0,301.0,291.0
493,-0.11244353278825611,0.8015802389639614,SAR,Williams,76053.0,19460.0,39076.0,17517.0,301.0,246.0,300.0,295.0
494,0.49874514107996065,1.895221399416296,SAR,Williams,76513.0,19365.0,39201.0,17947.0,298.0,246.0,281.0,302.0
495,0.23495281165127685,-0.5373602174075592,SAR,Williams,76419.0,19784.0,39267.0,17368.0,321.0,246.0,303.0,278.0
496,-0.4431906930885195,0.7701208517595691,SAR,Williams,76017.0,19439.0,39080.0,17498.0,300.0,249.0,303.0,300.0
497,-0.5079187857942726,0.8709366226671652,SAR,Williams,75819.0,19423.0,38959.0,17437.0,303.0,250.0,301.0,296.0
498,-0.4771945729375,0.7610512912374968,SAR,Williams,75942.0,19375.0,39063.0,17504.0,302.0,249.0,301.0,301.0
499,-0.47918340990148534,0.6498743772241087,SAR,Williams,75789.0,19293.0,38995.0,17501.0,303.0,248.0,302.0,300.0
500,0.8944630849530198,7.420637562941099,SAR,Williams,77584.0,20146.0,39934.0,17504.0,185.0,248.0,301.0,299.0
501,-0.2839170841637648,0.3164881398557169,SAR,Williams,76226.0,19370.0,39289.0,17567.0,305.0,249.0,303.0,300.0
502,-0.15715169343087076,0.32414923842469395,SAR,Williams,76333.0,19412.0,39427.0,17494.0,304.0,246.0,300.0,301.0
503,-0.28110801578520755,0.6107752429800186,SAR,Williams,76091.0,19403.0,39171.0,17517.0,302.0,247.0,301.0,300.0
504,-0.5198838874710964,0.6294713415845933,SAR,Williams,75904.0,19322.0,39036.0,17546.0,304.0,249.0,301.0,303.0
505,3.1158333463477255,-0.9880442548720122,HUL,Haas F1 Team,80643.0,22490.0,40794.0,17359.0,310.0,238.0,307.0,240.0
506,0.7973275285861766,-1.6315966735170748,HUL,Haas F1 Team,78040.0,20547.0,40041.0,17452.0,309.0,241.0,321.0,285.0
507,0.3677968350390218,-2.2848814131229203,HUL,Haas F1 Team,77201.0,19765.0,39972.0,17464.0,323.0,246.0,322.0,283.0
508,-0.6275354050695137,-2.856955451992281,HUL,Haas F1 Team,76791.0,19485.0,39830.0,17476.0,320.0,238.0,323.0,324.0
509,-0.373874369176895,-2.3644034444105455,HUL,Haas F1 Team,76784.0,19526.0,39795.0,17463.0,319.0,245.0,325.0,304.0
510,0.3347834468417765,-1.5440369185725205,HUL,Haas F1 Team,77366.0,19607.0,40010.0,17749.0,317.0,241.0,306.0,310.0
511,1.3587804067658813,-2.5938366662420447,HUL,Haas F1 Team,77757.0,20033.0,40050.0,17674.0,318.0,235.0,324.0,278.0
512,0.2576892137947459,-1.985334313596629,HUL,Haas F1 Team,77567.0,19708.0,40211.0,17648.0,317.0,237.0,307.0,318.0
513,2.0624292731368876,-1.6320381042523413,HUL,Haas F1 Team,78870.0,20296.0,40709.0,17865.0,316.0,239.0,305.0,278.0
514,2.7860672857717512,-1.8350990371352522,HUL,Haas F1 Team,79055.0,20272.0,40790.0,17993.0,319.0,233.0,301.0,270.0
515,2.7134899778088664,-1.8397052449880138,HUL,Haas F1 Team,79325.0,20339.0,41169.0,17817.0,314.0,234.0,303.0,271.0
516,2.1519183607244856,-0.9454451675228794,HUL,Haas F1 Team,78976.0,20172.0,40665.0,18139.0,304.0,236.0,301.0,293.0
517,1.9501745669991797,-0.7351011284896138,HUL,Haas F1 Team,78039.0,19868.0,40131.0,18040.0,303.0,231.0,301.0,291.0
518,1.0227755815689958,-0.3004256096621027,HUL,Haas F1 Team,77581.0,19820.0,39952.0,17809.0,302.0,239.0,302.0,297.0
519,1.2750357993205754,0.10345367129448706,HUL,Haas F1 Team,77392.0,19754.0,39738.0,17900.0,300.0,240.0,302.0,287.0
520,2.0875046873621828,-0.5089870877610396,HUL,Haas F1 Team,77992.0,19896.0,40241.0,17855.0,300.0,230.0,300.0,283.0
521,0.9938632004247997,0.29711773458960355,HUL,Haas F1 Team,77170.0,19594.0,39856.0,17720.0,297.0,240.0,300.0,291.0
522,1.3961976376524632,-0.07822240940276921,HUL,Haas F1 Team,77282.0,19668.0,39748.0,17866.0,298.0,234.0,302.0,290.0
523,-0.10668161856283506,0.46178780223175614,HUL,Haas F1 Team,76181.0,19583.0,39046.0,17552.0,304.0,246.0,303.0,295.0
524,-0.19694100391335795,0.5153309450855361,HUL,Haas F1 Team,76019.0,19402.0,38946.0,17671.0,303.0,245.0,302.0,302.0
525,-0.28381915735078944,0.7920007787531217,HUL,Haas F1 Team,75818.0,19426.0,38744.0,17648.0,301.0,246.0,303.0,299.0
526,0.049447425121500244,1.0220978782555101,HUL,Haas F1 Team,76166.0,19524.0,38861.0,17781.0,299.0,247.0,301.0,296.0
527,0.5412150805931152,0.5970409136920242,HUL,Haas F1 Team,76363.0,19419.0,39148.0,17796.0,298.0,241.0,302.0,293.0
528,0.7361030481219774,0.49818119848120096,HUL,Haas F1 Team,76843.0,19737.0,39353.0,17753.0,299.0,242.0,302.0,289.0
529,0.4331646769479063,0.4398373290892878,HUL,Haas F1 Team,76463.0,19638.0,39138.0,17687.0,301.0,242.0,303.0,291.0
530,0.29156835987033547,0.3098050656370621,HUL,Haas F1 Team,76365.0,19507.0,39206.0,17652.0,300.0,242.0,305.0,294.0
531,0.6659750759606283,0.07629463059146645,HUL,Haas F1 Team,76836.0,19600.0,39484.0,17752.0,304.0,243.0,303.0,290.0
532,2.0725653951976444,-1.327913987828553,HUL,Haas F1 Team,78957.0,20125.0,40837.0,17995.0,307.0,236.0,303.0,291.0
533,1.350466720539968,-0.7111633923118905,HUL,Haas F1 Team,77679.0,19613.0,40191.0,17875.0,305.0,237.0,302.0,294.0
534,0.938293112871802,-0.007301133437557542,HUL,Haas F1 Team,77277.0,19739.0,39693.0,17845.0,304.0,243.0,302.0,290.0
535,0.7158153002963141,0.5640460535906094,HUL,Haas F1 Team,76924.0,19543.0,39448.0,17933.0,299.0,246.0,302.0,292.0
536,0.9276086566567547,-0.04612504489231317,HUL,Haas F1 Team,76991.0,19623.0,39714.0,17654.0,303.0,239.0,301.0,288.0
537,1.2549722831282077,-0.1277719120817656,HUL,Haas F1 Team,76892.0,19602.0,39506.0,17784.0,304.0,234.0,300.0,286.0
538,1.0130420820525183,0.7067417739277138,HUL,Haas F1 Team,76566.0,19631.0,39080.0,17855.0,298.0,238.0,300.0,285.0
539,0.5131154373586002,0.41036302155424415,HUL,Haas F1 Team,76229.0,19469.0,39233.0,17527.0,301.0,239.0,301.0,287.0
540,0.1975190313327864,0.41018845146202887,HUL,Haas F1 Team,76005.0,19329.0,39046.0,17630.0,302.0,240.0,301.0,296.0
541,-0.09624106039911855,0.7288667989617426,HUL,Haas F1 Team,75810.0,19375.0,38882.0,17553.0,301.0,244.0,302.0,294.0
542,0.04674124577220962,1.6836539407447588,HUL,Haas F1 Team,76343.0,19454.0,39476.0,17413.0,276.0,244.0,305.0,298.0
543,-0.666883156397443,1.0444637663108558,HUL,Haas F1 Team,75312.0,19214.0,38633.0,17465.0,300.0,249.0,304.0,296.0
544,-0.7624993503259949,1.1297603760314885,HUL,Haas F1 Team,75178.0,19225.0,38499.0,17454.0,299.0,248.0,304.0,298.0
545,-0.820535611779838,1.3123151150665422,HUL,Haas F1 Team,75404.0,19325.0,38729.0,17350.0,298.0,251.0,302.0,297.0
546,-0.6900996375405615,1.3797576737970576,HUL,Haas F1 Team,75198.0,19320.0,38449.0,17429.0,297.0,248.0,303.0,295.0
547,-1.0300757637622098,1.3598574484516075,HUL,Haas F1 Team,75036.0,19281.0,38344.0,17411.0,301.0,252.0,303.0,297.0
548,-0.7630277082604755,1.1423732535596933,HUL,Haas F1 Team,75343.0,19271.0,38611.0,17461.0,300.0,250.0,303.0,298.0
549,-1.119750635219534,1.1519840513188007,HUL,Haas F1 Team,75162.0,19255.0,38480.0,17427.0,302.0,253.0,304.0,301.0
550,-0.7819020741920553,1.1608741916522582,HUL,Haas F1 Team,75308.0,19210.0,38687.0,17411.0,300.0,251.0,303.0,296.0
551,-0.5744298613836715,1.2298529648404417,HUL,Haas F1 Team,75595.0,19357.0,38803.0,17435.0,297.0,249.0,302.0,297.0
552,0.6801560129959122,0.7078406431943431,RIC,AlphaTauri,76780.0,20051.0,39188.0,17541.0,302.0,244.0,301.0,278.0
553,0.6809087604783488,-1.2886924251450567,RIC,AlphaTauri,76723.0,19916.0,39343.0,17464.0,306.0,235.0,322.0,281.0
554,0.021198042128138094,-2.0312945031812855,RIC,AlphaTauri,76401.0,19549.0,39465.0,17387.0,313.0,236.0,324.0,296.0
555,0.12617784714770972,-2.448973912187693,RIC,AlphaTauri,76608.0,19680.0,39648.0,17280.0,323.0,242.0,326.0,281.0
556,-0.23435118068012903,-1.407490234683036,RIC,AlphaTauri,76491.0,19574.0,39631.0,17286.0,301.0,241.0,328.0,297.0
557,-0.600080543062104,-2.9581740770855935,RIC,AlphaTauri,77118.0,19632.0,40234.0,17252.0,320.0,240.0,323.0,319.0
558,0.14379891371364786,-0.6286541123750526,RIC,AlphaTauri,76836.0,19658.0,39611.0,17567.0,306.0,241.0,308.0,303.0
559,0.050678140770501826,-1.6284357322685306,RIC,AlphaTauri,76864.0,19755.0,39670.0,17439.0,307.0,241.0,325.0,296.0
560,0.28886782744981865,-3.1637034686713026,RIC,AlphaTauri,77500.0,19681.0,40470.0,17349.0,314.0,235.0,329.0,304.0
561,1.8347937131124952,-2.3658180247575236,RIC,AlphaTauri,78340.0,20265.0,40696.0,17379.0,311.0,233.0,321.0,268.0
562,-0.05248839844187134,-1.316951402662104,RIC,AlphaTauri,76968.0,19699.0,39770.0,17499.0,306.0,245.0,322.0,299.0
563,0.4211237134947747,-2.1606789184020228,RIC,AlphaTauri,77407.0,19910.0,40199.0,17298.0,307.0,239.0,328.0,290.0
564,1.5120332951142808,-2.3345797916218975,RIC,AlphaTauri,77982.0,20017.0,40423.0,17542.0,317.0,237.0,319.0,273.0
565,0.03977399781093438,-0.4065428224814807,RIC,AlphaTauri,76812.0,19527.0,39697.0,17588.0,307.0,244.0,304.0,305.0
566,0.6154491755294089,-0.07836523099265694,RIC,AlphaTauri,77202.0,19778.0,39590.0,17834.0,305.0,245.0,304.0,295.0
567,0.06052261906678777,0.19496120873186915,RIC,AlphaTauri,76756.0,19637.0,39590.0,17529.0,304.0,249.0,304.0,294.0
568,0.4782636258035686,-0.20920095881538503,RIC,AlphaTauri,76859.0,19583.0,39548.0,17728.0,305.0,241.0,303.0,299.0
569,-0.3346762895625708,-1.947822041039112,RIC,AlphaTauri,76604.0,19435.0,39747.0,17422.0,319.0,247.0,321.0,298.0
570,4.479760732201783,-4.8190719104616475,RIC,AlphaTauri,78439.0,19541.0,40606.0,18292.0,317.0,175.0,306.0,299.0
571,-0.30462021453477284,-1.3408937555849558,RIC,AlphaTauri,75837.0,19586.0,38978.0,17273.0,318.0,243.0,320.0,284.0
572,-0.833277002650953,-1.7519199565573051,RIC,AlphaTauri,75648.0,19230.0,39090.0,17328.0,322.0,245.0,320.0,300.0
573,-1.2355685440823472,-1.4604511606658916,RIC,AlphaTauri,75407.0,19428.0,38874.0,17105.0,321.0,250.0,324.0,293.0
574,-0.9515766649524103,-2.0145586410777088,RIC,AlphaTauri,76127.0,19436.0,39389.0,17302.0,320.0,248.0,325.0,304.0
575,-0.6413066736944897,-1.9443989240245816,RIC,AlphaTauri,76614.0,19285.0,40195.0,17134.0,309.0,247.0,326.0,303.0
576,-1.7237615680595175,-0.7064782025038647,RIC,AlphaTauri,75536.0,19516.0,38934.0,17086.0,306.0,253.0,326.0,308.0
577,-0.42739581743675154,-2.2173902747246523,RIC,AlphaTauri,76636.0,19479.0,40001.0,17156.0,315.0,243.0,324.0,300.0
578,-1.3073692073360497,0.23773809557497586,RIC,AlphaTauri,75488.0,19404.0,38782.0,17302.0,306.0,247.0,305.0,316.0
579,-0.8869510151256289,0.3413023768417854,RIC,AlphaTauri,75630.0,19370.0,38836.0,17424.0,307.0,250.0,306.0,303.0
580,-0.5085209238348044,0.24953555235863148,RIC,AlphaTauri,76094.0,19501.0,39139.0,17454.0,306.0,249.0,305.0,300.0
581,-0.5576124700888868,0.07834558356110954,RIC,AlphaTauri,75940.0,19449.0,39067.0,17424.0,307.0,247.0,306.0,301.0
582,-0.5998789341976694,-0.7509670313764459,RIC,AlphaTauri,75850.0,19322.0,39137.0,17391.0,320.0,247.0,306.0,299.0
583,-0.02909062079402671,-0.7504457030208657,RIC,AlphaTauri,76559.0,19368.0,39332.0,17859.0,322.0,249.0,302.0,302.0
584,0.03564029417859458,-0.11396480657909652,RIC,AlphaTauri,76781.0,19585.0,39472.0,17724.0,307.0,247.0,304.0,303.0
585,0.18904077422750737,0.3228985185403517,RIC,AlphaTauri,76733.0,19536.0,39245.0,17952.0,306.0,253.0,306.0,294.0
586,-0.41050418285827567,0.2901841137489421,RIC,AlphaTauri,76139.0,19517.0,39220.0,17402.0,308.0,250.0,303.0,295.0
587,-0.9904197522599555,-1.844870716221411,RIC,AlphaTauri,76126.0,19441.0,39331.0,17354.0,321.0,249.0,322.0,306.0
588,-1.419977067018948,-1.552306939224109,RIC,AlphaTauri,75955.0,19465.0,39197.0,17293.0,320.0,253.0,322.0,310.0
589,-0.8220312123423045,-1.0669141991203328,RIC,AlphaTauri,75323.0,19357.0,38793.0,17173.0,315.0,243.0,319.0,293.0
590,-1.466868032439937,-0.9564459256021041,RIC,AlphaTauri,74990.0,19189.0,38635.0,17166.0,314.0,247.0,321.0,304.0
591,-1.6819062604016426,-1.0445818442874575,RIC,AlphaTauri,74788.0,19145.0,38584.0,17059.0,318.0,250.0,322.0,300.0
592,-1.9963504398122303,-1.0598121503755389,RIC,AlphaTauri,74724.0,19198.0,38434.0,17092.0,320.0,250.0,320.0,310.0
593,-2.0382532593099083,-0.7782769750339275,RIC,AlphaTauri,74129.0,19046.0,38093.0,16990.0,319.0,249.0,321.0,301.0
594,-2.4679250455687627,-1.0936990139393867,RIC,AlphaTauri,74040.0,18896.0,38158.0,16986.0,321.0,249.0,321.0,315.0
595,-1.9035740891554864,-1.1326565461068563,RIC,AlphaTauri,74846.0,19044.0,38783.0,17019.0,315.0,251.0,324.0,307.0
596,-0.7279898276515684,-0.054478549390672586,RIC,AlphaTauri,74913.0,19474.0,38412.0,17027.0,313.0,249.0,317.0,270.0
597,-0.5099903259665716,-0.6579690899238138,RIC,AlphaTauri,74990.0,19577.0,38387.0,17026.0,321.0,249.0,321.0,260.0
598,6.5666786278405285,-3.9463248352501346,RIC,AlphaTauri,77933.0,19481.0,39313.0,19139.0,315.0,160.0,301.0,265.0
599,-1.9991365629671807,1.3053230737228791,RIC,AlphaTauri,73866.0,19034.0,37703.0,17129.0,306.0,250.0,303.0,306.0
600,-1.781824025833729,1.1660086230475404,RIC,AlphaTauri,74015.0,18996.0,37926.0,17093.0,304.0,249.0,305.0,302.0
601,-1.532125202547885,0.8743941175338696,RIC,AlphaTauri,74326.0,19064.0,38189.0,17073.0,320.0,246.0,287.0,306.0
602,0.7753754358483319,0.5934470304929679,PIA,McLaren,77084.0,20226.0,39220.0,17638.0,304.0,245.0,301.0,279.0
603,0.7036869811363645,-0.04862715227080958,PIA,McLaren,76932.0,19860.0,39414.0,17658.0,306.0,242.0,304.0,286.0
604,0.44134001088765845,-0.26680901957172876,PIA,McLaren,76738.0,19801.0,39346.0,17591.0,307.0,242.0,307.0,289.0
605,-0.04099974617257095,0.14275935254612676,PIA,McLaren,76641.0,19547.0,39549.0,17545.0,300.0,246.0,306.0,301.0
606,0.4487434711327503,0.11498974811451212,PIA,McLaren,77289.0,19716.0,39867.0,17706.0,296.0,242.0,303.0,306.0
607,1.9148022593098195,-1.0486271630377006,PIA,McLaren,78311.0,20261.0,40361.0,17689.0,310.0,238.0,306.0,271.0
608,0.9888020397439206,-0.31356081246839995,PIA,McLaren,77211.0,19943.0,39543.0,17725.0,304.0,240.0,308.0,284.0
609,0.9846004524635936,-0.7925373796669274,PIA,McLaren,77478.0,19872.0,39795.0,17811.0,306.0,241.0,311.0,289.0
610,1.2458901078121163,-1.4915419289026253,PIA,McLaren,77977.0,19824.0,40371.0,17782.0,310.0,236.0,307.0,297.0
611,0.6282401577044889,-3.1468632167215365,PIA,McLaren,77698.0,19741.0,40438.0,17519.0,323.0,238.0,323.0,296.0
612,0.5771785306482686,-0.5509139054917722,PIA,McLaren,77526.0,19686.0,39983.0,17857.0,306.0,244.0,304.0,305.0
613,0.6865479142439006,-0.49368125753890013,PIA,McLaren,77442.0,19841.0,39920.0,17681.0,307.0,243.0,304.0,295.0
614,0.7740839933955334,-0.10385432478214937,PIA,McLaren,77583.0,20037.0,39790.0,17756.0,304.0,245.0,304.0,292.0
615,0.6111254654703718,0.6524316188100809,PIA,McLaren,77435.0,19989.0,39608.0,17838.0,300.0,250.0,301.0,292.0
616,0.41939114419128876,0.19658970510965915,PIA,McLaren,76368.0,19589.0,39220.0,17559.0,304.0,241.0,303.0,288.0
617,-0.04803352279763184,0.34450113082514755,PIA,McLaren,76270.0,19556.0,39120.0,17594.0,305.0,247.0,304.0,294.0
618,-0.4420581779618614,0.5914856219088664,PIA,McLaren,75859.0,19451.0,38807.0,17601.0,307.0,251.0,304.0,295.0
619,-0.48397970528426487,0.6749702602243165,PIA,McLaren,75680.0,19471.0,38656.0,17553.0,306.0,250.0,305.0,293.0
620,-0.43951082825683574,-1.2240911272691464,PIA,McLaren,76492.0,19380.0,39498.0,17614.0,321.0,249.0,309.0,306.0
621,-0.1313211409772214,-0.4019924685177807,PIA,McLaren,76179.0,19390.0,39126.0,17663.0,310.0,246.0,310.0,297.0
622,-0.6955718918385133,0.44368222275678454,PIA,McLaren,76048.0,19477.0,38922.0,17649.0,308.0,254.0,305.0,303.0
623,-0.2633083428335473,0.8865688293742323,PIA,McLaren,76075.0,19592.0,38851.0,17632.0,305.0,253.0,303.0,290.0
624,0.0662168315416541,0.5988282389307988,PIA,McLaren,76099.0,19484.0,38981.0,17634.0,303.0,246.0,303.0,291.0
625,0.08381128048500634,0.39428000885450476,PIA,McLaren,76585.0,19723.0,39211.0,17651.0,305.0,249.0,304.0,292.0
626,-0.0814013646974085,0.738107368983015,PIA,McLaren,76355.0,19532.0,39135.0,17688.0,304.0,252.0,302.0,293.0
627,-0.08697660918639112,0.8263408335580352,PIA,McLaren,76378.0,19637.0,39024.0,17717.0,302.0,253.0,305.0,291.0
628,-0.12494992022453531,0.6029635546009904,PIA,McLaren,76452.0,19602.0,39287.0,17563.0,304.0,252.0,303.0,292.0
629,-0.008466946017255141,0.6241205962295663,PIA,McLaren,76306.0,19571.0,39132.0,17603.0,306.0,250.0,301.0,290.0
630,-0.023571795643962477,0.6686237329857025,PIA,McLaren,76466.0,19551.0,39262.0,17653.0,304.0,252.0,302.0,292.0
631,-0.024228948420583277,0.6956185184420649,PIA,McLaren,76245.0,19568.0,39004.0,17673.0,305.0,250.0,302.0,291.0
632,-0.21496366595653793,0.6921891357475635,PIA,McLaren,76415.0,19603.0,39155.0,17657.0,306.0,255.0,303.0,292.0
633,-0.4138456616719625,0.7230982136918951,PIA,McLaren,75576.0,19422.0,38629.0,17525.0,306.0,247.0,302.0,294.0
634,0.22827016427716065,1.775688890576652,PIA,McLaren,75933.0,19402.0,38891.0,17640.0,321.0,248.0,266.0,291.0
635,-1.5410648189885314,1.6332279349353909,PIA,McLaren,74533.0,19365.0,37897.0,17271.0,304.0,256.0,304.0,294.0
636,-2.186196752092817,-0.9236180671071095,PIA,McLaren,74625.0,19135.0,38428.0,17062.0,322.0,255.0,320.0,307.0
637,-2.0387597856442845,-1.41253137802474,PIA,McLaren,74791.0,19347.0,38434.0,17010.0,321.0,252.0,328.0,303.0
638,-2.0115000260876985,1.5438887860931503,PIA,McLaren,74342.0,18988.0,37981.0,17373.0,297.0,252.0,304.0,320.0
639,-1.5058606497845124,1.8630063567051418,PIA,McLaren,74393.0,19268.0,37865.0,17260.0,302.0,257.0,304.0,290.0
640,-1.6583000735655193,1.8498713339987354,PIA,McLaren,74391.0,19263.0,37904.0,17224.0,303.0,258.0,303.0,293.0
641,-1.7921437635102255,1.7543728377431587,PIA,McLaren,74310.0,19239.0,37796.0,17275.0,304.0,258.0,304.0,297.0
642,-1.6796571240276505,1.5785841926944684,PIA,McLaren,74445.0,19175.0,37945.0,17325.0,307.0,259.0,303.0,296.0
643,10.452645008060935,1.7396803328383588,RUS,Mercedes,115704.0,58369.0,39897.0,17438.0,303.0,249.0,303.0,225.0
644,0.5113946971967898,0.5495290554983988,RUS,Mercedes,76921.0,20041.0,39441.0,17439.0,301.0,244.0,301.0,284.0
645,-0.00968832442581554,-0.8497355143851978,RUS,Mercedes,76431.0,19866.0,39207.0,17358.0,314.0,247.0,317.0,280.0
646,-0.09035866622736226,-0.7025744699250445,RUS,Mercedes,76483.0,19926.0,39186.0,17371.0,315.0,249.0,315.0,281.0
647,0.06067243568901382,-0.7479956969545462,RUS,Mercedes,76659.0,19791.0,39433.0,17435.0,310.0,249.0,318.0,282.0
648,0.13772104879224814,-1.0118691355835396,RUS,Mercedes,76663.0,19809.0,39428.0,17426.0,312.0,246.0,318.0,283.0
649,-0.21725781030695934,-0.7736832959343525,RUS,Mercedes,76721.0,19793.0,39485.0,17443.0,308.0,249.0,318.0,293.0
650,0.13086695004962123,-0.37584702346440424,RUS,Mercedes,76933.0,19811.0,39510.0,17612.0,312.0,245.0,302.0,300.0
651,0.2932201198073978,0.6006015487124511,RUS,Mercedes,76977.0,19867.0,39402.0,17708.0,299.0,244.0,299.0,302.0
652,0.6057212774801957,-0.21036487766448045,RUS,Mercedes,77056.0,19717.0,39546.0,17793.0,307.0,242.0,302.0,297.0
653,0.9458776857267661,-1.8832546623234225,RUS,Mercedes,78041.0,20000.0,40421.0,17620.0,317.0,244.0,314.0,287.0
654,1.0546877680002933,-0.44588914884780334,RUS,Mercedes,77315.0,19742.0,39787.0,17786.0,312.0,242.0,300.0,286.0
655,0.6462860755187093,0.3878775949865969,RUS,Mercedes,77196.0,19765.0,39548.0,17883.0,301.0,243.0,298.0,301.0
656,0.8054686985526286,0.6318904563535404,RUS,Mercedes,77392.0,19725.0,39699.0,17968.0,298.0,246.0,298.0,298.0
657,0.706723098624219,0.6767066097279232,RUS,Mercedes,77319.0,19890.0,39632.0,17797.0,297.0,244.0,298.0,297.0
658,0.41563194490653377,0.5701936709319182,RUS,Mercedes,76573.0,19626.0,39395.0,17552.0,302.0,245.0,300.0,287.0
659,1.180212936355752,0.49079479995477754,RUS,Mercedes,77088.0,19781.0,39643.0,17664.0,300.0,240.0,298.0,280.0
660,0.7754150268907924,0.6396897243475959,RUS,Mercedes,76900.0,19834.0,39497.0,17569.0,299.0,241.0,298.0,286.0
661,0.7869732011975865,-0.6211706304768552,RUS,Mercedes,77080.0,19650.0,39750.0,17680.0,313.0,241.0,301.0,290.0
662,-0.8979784543428888,-1.3473508183492873,RUS,Mercedes,76262.0,19294.0,39457.0,17511.0,314.0,251.0,320.0,310.0
663,-0.25981363257818,-1.395556576797397,RUS,Mercedes,76305.0,19412.0,39481.0,17412.0,312.0,244.0,320.0,296.0
664,-0.33727371156156405,-1.2756562286001705,RUS,Mercedes,76294.0,19370.0,39503.0,17421.0,311.0,244.0,318.0,300.0
665,-0.22714656588214088,-1.6277869057751966,RUS,Mercedes,76298.0,19301.0,39473.0,17524.0,316.0,242.0,317.0,302.0
666,-0.745387461471309,-1.2265288121266729,RUS,Mercedes,76161.0,19240.0,39451.0,17470.0,313.0,247.0,316.0,310.0
667,-0.10377141453472437,-0.4380204747280577,RUS,Mercedes,76433.0,19482.0,39389.0,17562.0,315.0,245.0,301.0,301.0
668,0.26041239471788696,0.9254106814201241,RUS,Mercedes,76636.0,19521.0,39350.0,17765.0,296.0,247.0,300.0,298.0
669,0.6213861108618667,-0.25677401593183674,RUS,Mercedes,77270.0,19811.0,39854.0,17605.0,308.0,244.0,301.0,292.0
670,0.9846199260815793,0.9727570133999477,RUS,Mercedes,76831.0,19743.0,39465.0,17623.0,294.0,243.0,301.0,277.0
671,0.830318100111607,0.6090737264060238,RUS,Mercedes,76742.0,19688.0,39337.0,17717.0,300.0,241.0,299.0,286.0
672,0.24697592139361277,0.9450978580145095,RUS,Mercedes,76674.0,19604.0,39295.0,17775.0,301.0,250.0,298.0,294.0
673,0.374550846209121,0.9744973707173465,RUS,Mercedes,76906.0,19687.0,39445.0,17774.0,296.0,246.0,297.0,300.0
674,0.2087942720874018,0.9282786231958747,RUS,Mercedes,76709.0,19728.0,39246.0,17735.0,301.0,249.0,298.0,295.0
675,1.2549608161800823,-0.9036918541546811,RUS,Mercedes,77740.0,19918.0,40147.0,17675.0,307.0,246.0,315.0,272.0
676,0.593726206443386,-0.44591218271497696,RUS,Mercedes,77422.0,19496.0,40033.0,17893.0,308.0,244.0,299.0,307.0
677,0.6225738694555242,0.9913030172869784,RUS,Mercedes,76534.0,19745.0,39379.0,17410.0,299.0,241.0,294.0,283.0
678,0.09440726521032416,1.472205758917361,RUS,Mercedes,76373.0,19778.0,39121.0,17474.0,297.0,248.0,295.0,289.0
679,0.4903997653588563,1.4036551623485458,RUS,Mercedes,76313.0,19584.0,39208.0,17521.0,295.0,244.0,295.0,284.0
680,0.7044133342423329,1.383422162793015,RUS,Mercedes,76424.0,19833.0,39150.0,17441.0,296.0,243.0,296.0,275.0
681,0.1957914855600891,1.8697721487936916,RUS,Mercedes,75936.0,19529.0,38882.0,17525.0,294.0,247.0,294.0,284.0
682,-0.20465301751415518,1.8916466558778708,RUS,Mercedes,75633.0,19463.0,38778.0,17392.0,293.0,246.0,294.0,291.0
683,-0.7626344004384729,2.0933182832429122,RUS,Mercedes,75063.0,19360.0,38372.0,17331.0,294.0,250.0,297.0,292.0
684,-0.6188295866007075,2.047377982928059,RUS,Mercedes,75128.0,19400.0,38251.0,17477.0,293.0,247.0,297.0,296.0
685,4.532915237278118,-1.5827885545729024,BOT,Alfa Romeo,81758.0,23372.0,40933.0,17453.0,309.0,225.0,310.0,223.0
686,0.33241211435573004,-3.5170865531963575,BOT,Alfa Romeo,77239.0,20099.0,39936.0,17204.0,322.0,232.0,333.0,291.0
687,-0.793026236028693,-2.536039859942528,BOT,Alfa Romeo,77161.0,19908.0,39805.0,17448.0,316.0,241.0,324.0,327.0
688,-0.051689943386139324,-2.503506293893271,BOT,Alfa Romeo,76640.0,19538.0,39753.0,17349.0,320.0,242.0,327.0,291.0
689,-0.018016107208482818,-1.5831064122443355,BOT,Alfa Romeo,76902.0,19803.0,39761.0,17338.0,314.0,246.0,321.0,289.0
690,-0.3444900963901276,-2.3233034800847143,BOT,Alfa Romeo,76759.0,19592.0,39785.0,17382.0,321.0,244.0,322.0,302.0
691,0.03130807857525481,-1.4844409893067854,BOT,Alfa Romeo,77131.0,19457.0,39979.0,17695.0,315.0,238.0,303.0,322.0
692,0.0004791590834838035,-0.6887343963572443,BOT,Alfa Romeo,76837.0,19954.0,39342.0,17541.0,300.0,241.0,319.0,301.0
693,0.26403216833371806,-2.203870628367776,BOT,Alfa Romeo,77559.0,19788.0,40123.0,17648.0,315.0,241.0,319.0,307.0
694,0.19613457142027374,-2.2212849688052083,BOT,Alfa Romeo,77377.0,19659.0,40155.0,17563.0,321.0,244.0,316.0,301.0
695,0.16693042110602216,0.2845379467768184,BOT,Alfa Romeo,77343.0,19785.0,39677.0,17881.0,301.0,245.0,297.0,317.0
696,1.0473731284395629,0.4446731089578936,BOT,Alfa Romeo,77431.0,19830.0,39672.0,17929.0,300.0,241.0,296.0,296.0
697,-0.7654800992133467,1.2623761924129189,BOT,Alfa Romeo,75731.0,19320.0,38836.0,17575.0,298.0,247.0,295.0,315.0
698,0.44299750427676227,1.3490479670926359,BOT,Alfa Romeo,76452.0,19775.0,39005.0,17672.0,296.0,243.0,295.0,291.0
699,0.13280785712879234,1.385817666666224,BOT,Alfa Romeo,76210.0,19728.0,38896.0,17586.0,297.0,245.0,296.0,292.0
700,0.1609399563106374,0.7690152424871617,BOT,Alfa Romeo,76522.0,19710.0,39229.0,17583.0,300.0,244.0,298.0,297.0
701,0.5838389206380252,1.0567447731758441,BOT,Alfa Romeo,76898.0,19773.0,39373.0,17752.0,294.0,243.0,297.0,296.0
702,0.25128124351666437,0.7699958845592053,BOT,Alfa Romeo,76827.0,19790.0,39331.0,17706.0,300.0,247.0,299.0,297.0
703,0.48430929665977007,0.5911881764905801,BOT,Alfa Romeo,76628.0,19638.0,39333.0,17657.0,299.0,242.0,300.0,293.0
704,0.2786645063991822,0.37140859681516986,BOT,Alfa Romeo,77081.0,19690.0,39703.0,17688.0,301.0,248.0,301.0,299.0
705,0.8764941959524509,0.10113972992718383,BOT,Alfa Romeo,77111.0,19802.0,39569.0,17740.0,302.0,236.0,297.0,298.0
706,0.013552887799841212,-0.33410295569614323,BOT,Alfa Romeo,76549.0,19628.0,39303.0,17618.0,301.0,245.0,316.0,296.0
707,-0.572453219818302,-1.5517376676796637,BOT,Alfa Romeo,76502.0,19459.0,39430.0,17613.0,318.0,244.0,313.0,316.0
708,0.13367901728600395,-0.8855683677048819,BOT,Alfa Romeo,77597.0,19787.0,40057.0,17753.0,317.0,245.0,296.0,317.0
709,0.5547596180218377,0.9878959068917241,BOT,Alfa Romeo,76853.0,19734.0,39366.0,17753.0,297.0,244.0,296.0,295.0
710,1.2003031335262393,0.3781124375962528,BOT,Alfa Romeo,77879.0,19933.0,40236.0,17710.0,295.0,241.0,297.0,293.0
711,0.8607426103340658,-0.7724961544868353,BOT,Alfa Romeo,77615.0,20002.0,39872.0,17741.0,318.0,242.0,297.0,294.0
712,0.9143768612369834,-0.8304954871673293,BOT,Alfa Romeo,77876.0,20168.0,39963.0,17745.0,319.0,245.0,299.0,290.0
713,3.7466612365675633,-1.845525057996486,ZHO,Alfa Romeo,81539.0,23222.0,40949.0,17368.0,310.0,231.0,316.0,234.0
714,1.286814371572051,-1.8341492820149379,ZHO,Alfa Romeo,78239.0,20366.0,40294.0,17579.0,307.0,240.0,324.0,278.0
715,1.0169079663832348,-2.9808152268824215,ZHO,Alfa Romeo,77289.0,19817.0,40046.0,17426.0,322.0,233.0,325.0,279.0
716,0.3618622773963464,-2.659258024956708,ZHO,Alfa Romeo,77106.0,19730.0,39991.0,17385.0,319.0,238.0,325.0,291.0
717,0.46781563782969093,-1.873975960289078,ZHO,Alfa Romeo,76881.0,19702.0,39625.0,17554.0,315.0,241.0,323.0,285.0
718,0.32868453500558786,-2.1554886804361937,ZHO,Alfa Romeo,76977.0,19599.0,39840.0,17538.0,314.0,238.0,322.0,297.0
719,-0.4252239348405654,-2.3217838353743416,ZHO,Alfa Romeo,76752.0,19527.0,39606.0,17619.0,318.0,241.0,322.0,316.0
720,0.06759772618922713,-3.0891198229660968,ZHO,Alfa Romeo,77043.0,19715.0,39907.0,17421.0,321.0,240.0,332.0,295.0
721,-0.018977507888346897,-2.7940946043203305,ZHO,Alfa Romeo,77567.0,19990.0,40186.0,17391.0,316.0,238.0,325.0,310.0
722,0.7711448637238267,0.06060797301346541,ZHO,Alfa Romeo,77642.0,20028.0,39691.0,17923.0,297.0,239.0,302.0,308.0
723,0.8619164932201868,0.2888205962257291,ZHO,Alfa Romeo,77484.0,19964.0,39786.0,17734.0,298.0,242.0,301.0,294.0
724,-0.019927187275818284,1.7368404572703091,ZHO,Alfa Romeo,76232.0,19873.0,38707.0,17652.0,297.0,248.0,294.0,294.0
725,0.49009942920807376,1.2909600642341108,ZHO,Alfa Romeo,76639.0,19946.0,38978.0,17715.0,298.0,243.0,294.0,292.0
726,1.0529293551504206,1.8905869019679782,ZHO,Alfa Romeo,77406.0,20049.0,39332.0,18025.0,299.0,245.0,279.0,296.0
727,0.5442001348859106,-0.07010393810905298,ZHO,Alfa Romeo,76914.0,19922.0,39350.0,17642.0,316.0,248.0,300.0,281.0
728,0.33125489980251205,0.6917608817409937,ZHO,Alfa Romeo,76767.0,19840.0,39276.0,17651.0,301.0,245.0,299.0,294.0
