,PC1,PC2,Driver,Team,Time,LapTime,LapNumber,Stint,Sector1Time,Sector2Time,Sector3Time,Sector1SessionTime,Sector2SessionTime,Sector3SessionTime,SpeedI1,SpeedI2,SpeedFL,SpeedST,TyreLife,LapStartDate
0,-3.9498893220168885,-0.8668266316338867,VER,Red Bull Racing,4218673.0,112789.0,4.0,1.0,31881.0,50599.0,30309.0,4137765.0,4188364.0,4218673.0,325.0,187.0,212.0,308.0,4.0,1690722567103.0
1,-3.6135145941307343,-0.35738416803413275,VER,Red Bull Racing,4443405.0,112130.0,6.0,1.0,31967.0,49818.0,30345.0,4363242.0,4413060.0,4443405.0,341.0,188.0,209.0,308.0,6.0,1690722792494.0002
2,-3.144288248321574,-0.7482450134528906,VER,Red Bull Racing,4555820.0,112415.0,7.0,1.0,32639.0,49487.0,30289.0,4476044.0,4525531.0,4555820.0,305.0,186.0,209.0,305.0,7.0,1690722904624.0
3,-3.198534742680608,-0.18008760686938438,VER,Red Bull Racing,4668292.0,112472.0,8.0,1.0,32299.0,49833.0,30340.0,4588119.0,4637952.0,4668292.0,327.0,185.0,209.0,304.0,8.0,1690723017039.0
4,-2.944583729090886,-0.0961559702693155,VER,Red Bull Racing,4780172.0,111880.0,9.0,1.0,32023.0,49462.0,30395.0,4700315.0,4749777.0,4780172.0,339.0,188.0,209.0,307.0,9.0,1690723129511.0
5,-2.598431375175272,-0.3005870127126263,VER,Red Bull Racing,4892627.0,112455.0,10.0,1.0,32711.0,49261.0,30483.0,4812883.0,4862144.0,4892627.0,304.0,186.0,208.0,302.0,10.0,1690723241391.0
6,-2.307864492500287,-0.6863872702809676,VER,Red Bull Racing,5005240.0,112613.0,11.0,1.0,32883.0,49361.0,30369.0,4925510.0,4974871.0,5005240.0,307.0,187.0,210.0,295.0,11.0,1690723353846.0002
7,-2.127943351665097,-0.3530009337850027,VER,Red Bull Racing,5117954.0,112714.0,12.0,1.0,32711.0,49661.0,30342.0,5037951.0,5087612.0,5117954.0,305.0,187.0,210.0,303.0,12.0,1690723466459.0
8,-1.0270546818907025,-5.570671641056867,VER,Red Bull Racing,5472068.0,123986.0,15.0,2.0,46294.0,48059.0,29633.0,5394376.0,5442435.0,5472068.0,306.0,198.0,213.0,292.0,1.0,1690723809301.0
9,-0.672957487827691,-2.275610264026854,VER,Red Bull Racing,5582764.0,110696.0,16.0,2.0,31588.0,49186.0,29922.0,5503656.0,5552842.0,5582764.0,322.0,195.0,216.0,306.0,2.0,1690723933287.0
10,-0.6586856154702911,-1.4500930372553014,VER,Red Bull Racing,5692872.0,110108.0,17.0,2.0,31791.0,48188.0,30129.0,5614555.0,5662743.0,5692872.0,334.0,194.0,211.0,308.0,3.0,1690724043983.0
11,-0.46191294085827417,-1.8579273745057023,VER,Red Bull Racing,5804509.0,111637.0,18.0,2.0,32664.0,48716.0,30257.0,5725536.0,5774252.0,5804509.0,303.0,191.0,212.0,292.0,4.0,1690724154091.0
12,-1.1674666898841561,-0.04916993821426671,VER,Red Bull Racing,6032198.0,115733.0,20.0,2.0,33136.0,50946.0,31651.0,5949601.0,6000547.0,6032198.0,305.0,197.0,204.0,291.0,6.0,1690724377684.0
13,-0.35482630323617226,-2.4045776865665145,VER,Red Bull Racing,6147113.0,114915.0,21.0,2.0,33974.0,50087.0,30854.0,6066172.0,6116259.0,6147113.0,304.0,192.0,213.0,241.0,7.0,1690724493417.0
14,-0.5348867643830987,-0.5127569769543034,VER,Red Bull Racing,6262438.0,115325.0,22.0,2.0,33125.0,51111.0,31089.0,6180238.0,6231349.0,6262438.0,311.0,189.0,212.0,280.0,8.0,1690724608332.0
15,0.5335548584639231,-2.128257782930894,VER,Red Bull Racing,6375343.0,112905.0,23.0,2.0,33482.0,49274.0,30149.0,6295920.0,6345194.0,6375343.0,310.0,195.0,213.0,275.0,9.0,1690724723657.0
16,0.924515127520461,-1.4866683526604134,VER,Red Bull Racing,6486339.0,110996.0,24.0,2.0,32673.0,48189.0,30134.0,6408016.0,6456205.0,6486339.0,309.0,192.0,213.0,291.0,10.0,1690724836561.9998
17,1.1547116000873288,-1.4363050560403345,VER,Red Bull Racing,6597445.0,111106.0,25.0,2.0,32656.0,48348.0,30102.0,6518995.0,6567343.0,6597445.0,304.0,194.0,212.0,293.0,11.0,1690724947558.0002
18,1.259043087109722,-1.1397550886729633,VER,Red Bull Racing,6708822.0,111377.0,26.0,2.0,32676.0,48581.0,30120.0,6630121.0,6678702.0,6708822.0,305.0,191.0,213.0,292.0,12.0,1690725058664.0
19,1.422999132096823,-0.9533646165450471,VER,Red Bull Racing,6820294.0,111472.0,27.0,2.0,32742.0,48397.0,30333.0,6741564.0,6789961.0,6820294.0,306.0,193.0,212.0,293.0,13.0,1690725170041.0
20,1.5553212438004282,-0.646139661778708,VER,Red Bull Racing,6931704.0,111410.0,28.0,2.0,32760.0,48435.0,30215.0,6853054.0,6901489.0,6931704.0,308.0,191.0,211.0,292.0,14.0,1690725281513.0
21,1.725173664302278,-0.40561585723202404,VER,Red Bull Racing,7043299.0,111595.0,29.0,2.0,32670.0,48714.0,30211.0,6964374.0,7013088.0,7043299.0,304.0,192.0,210.0,296.0,15.0,1690725392923.0
22,2.5855771936415057,-6.057822548146903,VER,Red Bull Racing,7282766.0,123585.0,31.0,3.0,46598.0,47145.0,29842.0,7205779.0,7252924.0,7282766.0,303.0,204.0,216.0,288.0,1.0,1690725620400.0
23,3.294064320988226,-3.36164423580372,VER,Red Bull Racing,7391688.0,108922.0,32.0,3.0,32354.0,47017.0,29551.0,7315120.0,7362137.0,7391688.0,304.0,200.0,215.0,291.0,2.0,1690725743985.0
24,3.0427329915884314,-2.495995706578858,VER,Red Bull Racing,7502274.0,110586.0,33.0,3.0,32665.0,47994.0,29927.0,7424353.0,7472347.0,7502274.0,303.0,195.0,215.0,290.0,3.0,1690725852907.0
25,3.098594051220606,-2.0806528134018563,VER,Red Bull Racing,7613066.0,110792.0,34.0,3.0,32556.0,48197.0,30039.0,7534830.0,7583027.0,7613066.0,302.0,195.0,213.0,289.0,4.0,1690725963493.0
26,3.460886851613468,-2.3389249541916843,VER,Red Bull Racing,7723474.0,110408.0,35.0,3.0,32552.0,48050.0,29806.0,7645618.0,7693668.0,7723474.0,307.0,197.0,214.0,290.0,5.0,1690726074285.0
27,3.6584325297720643,-2.2071435231386496,VER,Red Bull Racing,7833836.0,110362.0,36.0,3.0,32584.0,47831.0,29947.0,7756058.0,7803889.0,7833836.0,306.0,197.0,214.0,289.0,6.0,1690726184693.0
28,4.264340795838867,-1.8508843119721086,VER,Red Bull Racing,8164413.0,110113.0,39.0,3.0,32491.0,47716.0,29906.0,8086791.0,8134507.0,8164413.0,305.0,197.0,213.0,287.0,9.0,1690726515519.0
29,4.505602863516796,-1.7892484662775665,VER,Red Bull Racing,8274480.0,110067.0,40.0,3.0,32660.0,47491.0,29916.0,8197073.0,8244564.0,8274480.0,304.0,194.0,215.0,286.0,10.0,1690726625632.0
30,4.674892503997485,-1.4338001459015206,VER,Red Bull Racing,8384434.0,109954.0,41.0,3.0,32495.0,47523.0,29936.0,8306975.0,8354498.0,8384434.0,306.0,192.0,216.0,291.0,11.0,1690726735699.0
31,-3.485309983473553,-2.1091258490360603,PER,Red Bull Racing,4214795.0,112336.0,4.0,1.0,32894.0,49117.0,30325.0,4135353.0,4184470.0,4214795.0,299.0,192.0,210.0,293.0,4.0,1690722563678.0002
32,-3.650709390276148,-0.838795209798157,PER,Red Bull Racing,4327367.0,112572.0,5.0,1.0,32843.0,49213.0,30516.0,4247638.0,4296851.0,4327367.0,301.0,184.0,208.0,298.0,5.0,1690722676014.0002
33,-3.1976332426109915,-1.4758167557734556,PER,Red Bull Racing,4439833.0,112466.0,6.0,1.0,32968.0,49099.0,30399.0,4360335.0,4409434.0,4439833.0,300.0,190.0,209.0,297.0,6.0,1690722788585.9998
34,-3.17075561225549,-0.7861561210119062,PER,Red Bull Racing,4552353.0,112520.0,7.0,1.0,32912.0,49162.0,30446.0,4472745.0,4521907.0,4552353.0,302.0,186.0,208.0,300.0,7.0,1690722901052.0
35,-2.6276166544375315,-1.163553140103002,PER,Red Bull Racing,4777123.0,112465.0,9.0,1.0,33009.0,49099.0,30357.0,4697667.0,4746766.0,4777123.0,303.0,189.0,209.0,292.0,9.0,1690723125877.0
36,-2.5388997690663255,-0.7911886866150317,PER,Red Bull Racing,4889843.0,112720.0,10.0,1.0,32944.0,49354.0,30422.0,4810067.0,4859421.0,4889843.0,304.0,189.0,208.0,294.0,10.0,1690723238342.0002
37,-2.2466924817066576,-0.7427343803810059,PER,Red Bull Racing,5002487.0,112644.0,11.0,1.0,32757.0,49495.0,30392.0,4922600.0,4972095.0,5002487.0,303.0,191.0,209.0,302.0,11.0,1690723351062.0002
38,-1.7232352485482771,-4.5936637076741755,PER,Red Bull Racing,5359334.0,126242.0,14.0,2.0,47301.0,48841.0,30100.0,5280393.0,5329234.0,5359334.0,302.0,190.0,213.0,297.0,1.0,1690723694311.0
39,-0.9384648331513834,-2.2547728539664065,PER,Red Bull Racing,5470955.0,111621.0,15.0,2.0,32552.0,49072.0,29997.0,5391886.0,5440958.0,5470955.0,304.0,194.0,212.0,301.0,2.0,1690723820553.0
40,-0.6502724917927393,-2.265997689544314,PER,Red Bull Racing,5582371.0,111416.0,16.0,2.0,32417.0,49037.0,29962.0,5503372.0,5552409.0,5582371.0,306.0,194.0,214.0,304.0,3.0,1690723932174.0002
41,-0.8770493698537393,-1.1635920388328678,PER,Red Bull Racing,5694546.0,112175.0,17.0,2.0,32453.0,49413.0,30309.0,5614824.0,5664237.0,5694546.0,307.0,191.0,210.0,305.0,4.0,1690724043590.0002
42,-0.7872878099430166,-0.7925190443359081,PER,Red Bull Racing,5806835.0,112289.0,18.0,2.0,32473.0,49361.0,30455.0,5727019.0,5776380.0,5806835.0,308.0,187.0,211.0,302.0,5.0,1690724155765.0
43,-1.1209117716656543,0.3636082267835027,PER,Red Bull Racing,5920360.0,113525.0,19.0,2.0,32730.0,49910.0,30885.0,5839565.0,5889475.0,5920360.0,305.0,180.0,208.0,295.0,6.0,1690724268054.0002
44,-1.2951633802760016,0.776439201703974,PER,Red Bull Racing,6035819.0,115459.0,20.0,2.0,32933.0,50781.0,31745.0,5953293.0,6004074.0,6035819.0,308.0,188.0,206.0,296.0,7.0,1690724381579.0
45,-0.6914278789891614,-1.0661004624977048,PER,Red Bull Racing,6151267.0,115448.0,21.0,2.0,33813.0,50723.0,30912.0,6069632.0,6120355.0,6151267.0,310.0,184.0,213.0,257.0,8.0,1690724497038.0002
46,-0.6793363630336544,-0.23097939136835025,PER,Red Bull Racing,6267553.0,116286.0,22.0,2.0,32936.0,52567.0,30783.0,6184203.0,6236770.0,6267553.0,309.0,188.0,212.0,283.0,9.0,1690724612486.0002
47,0.4913836050458398,-2.0417918137220727,PER,Red Bull Racing,6380914.0,113361.0,23.0,2.0,33429.0,49814.0,30118.0,6300982.0,6350796.0,6380914.0,311.0,196.0,213.0,275.0,10.0,1690724728772.0
48,0.695676739649905,-0.9526565097480219,PER,Red Bull Racing,6492630.0,111716.0,24.0,2.0,32736.0,48788.0,30192.0,6413650.0,6462438.0,6492630.0,314.0,190.0,212.0,291.0,11.0,1690724842133.0
49,0.8566416252006606,-0.43432413800723235,PER,Red Bull Racing,6604322.0,111692.0,25.0,2.0,32527.0,48897.0,30268.0,6525157.0,6574054.0,6604322.0,308.0,188.0,212.0,300.0,12.0,1690724953849.0
50,1.063918442181131,-0.4487745015404308,PER,Red Bull Racing,6716213.0,111891.0,26.0,2.0,32590.0,48928.0,30373.0,6636912.0,6685840.0,6716213.0,304.0,189.0,212.0,297.0,13.0,1690725065541.0
51,1.31146917703933,-0.6443721056348695,PER,Red Bull Racing,6828412.0,112199.0,27.0,2.0,32751.0,49010.0,30438.0,6748964.0,6797974.0,6828412.0,305.0,193.0,212.0,296.0,14.0,1690725177432.0
52,1.9570397846600103,-4.993900903492766,PER,Red Bull Racing,7181820.0,124522.0,30.0,3.0,46533.0,48161.0,29828.0,7103831.0,7151992.0,7181820.0,311.0,195.0,216.0,292.0,1.0,1690725518517.0
53,2.729563162040443,-2.4877871060687644,PER,Red Bull Racing,7292128.0,110308.0,31.0,3.0,32372.0,48099.0,29837.0,7214192.0,7262291.0,7292128.0,304.0,196.0,215.0,300.0,2.0,1690725643039.0
54,2.7507586844205223,-2.3498019358643467,PER,Red Bull Racing,7403312.0,111184.0,32.0,3.0,32770.0,48513.0,29901.0,7324898.0,7373411.0,7403312.0,303.0,195.0,214.0,291.0,3.0,1690725753347.0
55,2.7777272287555856,-1.7394188336431968,PER,Red Bull Racing,7514752.0,111440.0,33.0,3.0,32663.0,48775.0,30002.0,7435975.0,7484750.0,7514752.0,304.0,190.0,215.0,293.0,4.0,1690725864531.0
56,3.0420425671675893,-1.817390622630208,PER,Red Bull Racing,7626139.0,111387.0,34.0,3.0,32517.0,48812.0,30058.0,7547269.0,7596081.0,7626139.0,306.0,197.0,213.0,297.0,5.0,1690725975971.0
57,3.264365388043396,-1.45878582283965,PER,Red Bull Racing,7736966.0,110827.0,35.0,3.0,32462.0,48313.0,30052.0,7658601.0,7706914.0,7736966.0,307.0,194.0,213.0,300.0,6.0,1690726087358.0002
58,3.5685915424008043,-1.1068557773551353,PER,Red Bull Racing,7959151.0,111103.0,37.0,3.0,32265.0,48734.0,30104.0,7880313.0,7929047.0,7959151.0,311.0,195.0,213.0,301.0,8.0,1690726309267.0
59,3.7029028798191197,-1.0054086749883446,PER,Red Bull Racing,8070571.0,111420.0,38.0,3.0,32653.0,48688.0,30079.0,7991804.0,8040492.0,8070571.0,308.0,190.0,214.0,292.0,9.0,1690726420369.9998
60,3.865137281954454,-0.49695415572980134,PER,Red Bull Racing,8181688.0,111117.0,39.0,3.0,32324.0,48673.0,30120.0,8102895.0,8151568.0,8181688.0,309.0,190.0,213.0,301.0,10.0,1690726531790.0002
61,4.114265968571603,-0.6458549211462098,PER,Red Bull Racing,8293006.0,111318.0,40.0,3.0,32557.0,48650.0,30111.0,8214245.0,8262895.0,8293006.0,307.0,190.0,214.0,297.0,11.0,1690726642907.0
62,4.3740519841246135,-0.46765800544825953,PER,Red Bull Racing,8403941.0,110935.0,41.0,3.0,32336.0,48523.0,30076.0,8325342.0,8373865.0,8403941.0,309.0,191.0,214.0,303.0,12.0,1690726754225.0
63,4.566283810874988,-0.4640634876202755,PER,Red Bull Racing,8515181.0,111240.0,42.0,3.0,32431.0,48764.0,30045.0,8436372.0,8485136.0,8515181.0,308.0,192.0,214.0,302.0,13.0,1690726865160.0
64,4.809170311793435,-0.3518641994287644,PER,Red Bull Racing,8626092.0,110911.0,43.0,3.0,32278.0,48647.0,29986.0,8547459.0,8596106.0,8626092.0,309.0,192.0,214.0,303.0,14.0,1690726976400.0
65,5.024250998070832,-0.6512470123305737,PER,Red Bull Racing,8737600.0,111508.0,44.0,3.0,32535.0,48866.0,30107.0,8658627.0,8707493.0,8737600.0,307.0,193.0,216.0,295.0,15.0,1690727087311.0
66,-3.6289898355783414,-0.8115753645039246,LEC,Ferrari,4329614.0,112575.0,5.0,1.0,32487.0,49691.0,30397.0,4249604.0,4299295.0,4329692.0,306.0,186.0,209.0,306.0,5.0,1690722678257.9998
67,-3.447041395468009,-0.7157455752555302,LEC,Ferrari,4442298.0,112684.0,6.0,1.0,32603.0,49698.0,30383.0,4362295.0,4411993.0,4442376.0,305.0,188.0,207.0,305.0,6.0,1690722790833.0
68,-3.071082344094784,-0.4116901996318254,LEC,Ferrari,4667702.0,112641.0,8.0,1.0,32649.0,49578.0,30414.0,4587788.0,4637366.0,4667780.0,307.0,187.0,207.0,304.0,8.0,1690723016280.0
69,-3.0710279772662754,-0.1283261222306606,LEC,Ferrari,4781305.0,113603.0,9.0,1.0,32544.0,50607.0,30452.0,4700324.0,4750931.0,4781383.0,315.0,188.0,208.0,306.0,9.0,1690723128921.0
70,-3.1932299519869107,1.052908534702372,LEC,Ferrari,4894864.0,113559.0,10.0,1.0,32429.0,50027.0,31103.0,4813812.0,4863839.0,4894942.0,310.0,184.0,204.0,307.0,10.0,1690723242524.0
71,-2.649639793830419,0.31575698041215194,LEC,Ferrari,5008096.0,113232.0,11.0,1.0,32634.0,50072.0,30526.0,4927576.0,4977648.0,5008174.0,306.0,186.0,206.0,306.0,11.0,1690723356083.0
72,-1.7020848987393153,-4.560557933854738,LEC,Ferrari,5365006.0,125902.0,14.0,2.0,46961.0,48689.0,30252.0,5286143.0,5334832.0,5365084.0,309.0,196.0,211.0,302.0,1.0,1690723700323.0
73,-1.1051510496943702,-1.7932342942785737,LEC,Ferrari,5476886.0,111880.0,15.0,2.0,32334.0,49295.0,30251.0,5397418.0,5446713.0,5476964.0,306.0,194.0,211.0,305.0,2.0,1690723826225.0
74,-1.1084395982840758,-1.065940159501367,LEC,Ferrari,5588950.0,112064.0,16.0,2.0,32475.0,49179.0,30410.0,5509439.0,5558618.0,5589028.0,305.0,190.0,209.0,306.0,3.0,1690723938105.0
75,-1.0369734834288107,-0.6070916836497253,LEC,Ferrari,5701193.0,112243.0,17.0,2.0,32384.0,49367.0,30492.0,5621412.0,5670779.0,5701271.0,306.0,189.0,208.0,308.0,4.0,1690724050169.0
76,-1.3907508253536804,1.026870697938112,LEC,Ferrari,6042067.0,115838.0,20.0,2.0,32815.0,50363.0,32660.0,5959122.0,6009485.0,6042145.0,307.0,193.0,206.0,301.0,7.0,1690724387448.0
77,-0.9373783085644941,-0.17023242088892102,LEC,Ferrari,6157968.0,115901.0,21.0,2.0,33334.0,50912.0,31655.0,6075479.0,6126391.0,6158046.0,304.0,183.0,213.0,269.0,8.0,1690724503286.0002
78,-0.8566290231944951,0.19796034116109404,LEC,Ferrari,6274467.0,116499.0,22.0,2.0,33230.0,51874.0,31395.0,6191276.0,6243150.0,6274545.0,306.0,185.0,211.0,277.0,9.0,1690724619187.0
79,0.3321381434517902,-1.643524479429225,LEC,Ferrari,6388052.0,113585.0,23.0,2.0,33378.0,49887.0,30320.0,6307923.0,6357810.0,6388130.0,307.0,193.0,212.0,272.0,10.0,1690724735686.0002
80,0.7034317993566247,0.14463820327132693,LEC,Ferrari,6611579.0,111717.0,25.0,2.0,32233.0,49034.0,30450.0,6532173.0,6581207.0,6611657.0,306.0,190.0,208.0,307.0,12.0,1690724961081.0
81,0.9897485255031448,0.037499635615845975,LEC,Ferrari,6723329.0,111750.0,26.0,2.0,32434.0,49036.0,30280.0,6644091.0,6693127.0,6723407.0,305.0,188.0,210.0,306.0,13.0,1690725072798.0002
82,1.129937590235905,0.23718637764760847,LEC,Ferrari,6835194.0,111865.0,27.0,2.0,32361.0,49149.0,30355.0,6755768.0,6804917.0,6835272.0,307.0,191.0,208.0,307.0,14.0,1690725184548.0
83,2.2054330077562465,-5.680582203671117,LEC,Ferrari,7075028.0,123881.0,29.0,3.0,46626.0,47434.0,29821.0,6997851.0,7045285.0,7075106.0,301.0,203.0,216.0,304.0,1.0,1690725412366.0002
84,2.3681539073202926,-1.9514360482617483,LEC,Ferrari,7185464.0,110436.0,30.0,3.0,32085.0,48292.0,30059.0,7107191.0,7155483.0,7185542.0,306.0,199.0,211.0,307.0,2.0,1690725536247.0
85,3.0769604809179394,-1.1672114923847645,LEC,Ferrari,7629963.0,110726.0,34.0,3.0,32114.0,48475.0,30137.0,7551429.0,7599904.0,7630041.0,300.0,196.0,211.0,310.0,6.0,1690725980456.0
86,3.083388232344526,-0.6823349142131662,LEC,Ferrari,7741230.0,111267.0,35.0,3.0,32329.0,48694.0,30244.0,7662370.0,7711064.0,7741308.0,299.0,193.0,210.0,308.0,7.0,1690726091182.0002
87,3.586799962507426,-0.1828213190312281,LEC,Ferrari,8074983.0,111312.0,38.0,3.0,32160.0,49004.0,30148.0,7995909.0,8044913.0,8075061.0,310.0,190.0,212.0,307.0,10.0,1690726424889.9998
88,3.970084818718743,-0.38965813612674743,LEC,Ferrari,8185902.0,110919.0,39.0,3.0,32149.0,48634.0,30136.0,8107210.0,8155844.0,8185980.0,302.0,195.0,210.0,309.0,11.0,1690726536201.9998
89,4.068926649030889,-0.16115485834392068,LEC,Ferrari,8297735.0,111833.0,40.0,3.0,32299.0,49136.0,30398.0,8218279.0,8267415.0,8297813.0,291.0,191.0,213.0,308.0,12.0,1690726647121.0
90,4.067653317692205,0.34044166859972874,LEC,Ferrari,8409987.0,112252.0,41.0,3.0,32216.0,49615.0,30421.0,8330029.0,8379644.0,8410065.0,297.0,190.0,212.0,309.0,13.0,1690726758953.9998
91,3.497819640220248,3.275299927495029,LEC,Ferrari,8747554.0,113706.0,44.0,3.0,32560.0,50379.0,30767.0,8666486.0,8716865.0,8747632.0,307.0,192.0,189.0,307.0,16.0,1690727095067.0
92,-3.9828364627613664,-0.6208563002701286,HAM,Mercedes,4218035.0,112506.0,4.0,1.0,31921.0,50337.0,30248.0,4137480.0,4187817.0,4218065.0,322.0,185.0,210.0,308.0,4.0,1690722566748.0
93,-3.78518180896743,-0.39573625966410547,HAM,Mercedes,4330752.0,112717.0,5.0,1.0,32076.0,50190.0,30451.0,4250141.0,4300331.0,4330782.0,309.0,186.0,208.0,310.0,5.0,1690722679254.0002
94,-3.641849168657275,-0.5013354894379788,HAM,Mercedes,4444565.0,113813.0,6.0,1.0,32453.0,51017.0,30343.0,4363235.0,4414252.0,4444595.0,307.0,187.0,209.0,309.0,6.0,1690722791971.0
95,-3.5804768799519904,0.98742238355314,HAM,Mercedes,4671271.0,113276.0,8.0,1.0,32548.0,50037.0,30691.0,4590573.0,4640610.0,4671301.0,314.0,174.0,208.0,307.0,8.0,1690723019214.0002
96,-3.071213642159589,0.05517573556263352,HAM,Mercedes,4784743.0,113472.0,9.0,1.0,32465.0,50318.0,30689.0,4703766.0,4754084.0,4784773.0,309.0,187.0,208.0,308.0,9.0,1690723132489.9998
97,-1.9102156833832338,-4.367829555910023,HAM,Mercedes,5256069.0,125716.0,13.0,2.0,46489.0,49261.0,29966.0,5176872.0,5226133.0,5256099.0,314.0,191.0,214.0,306.0,1.0,1690723591572.0
98,-1.241674483799368,-1.7625016465119139,HAM,Mercedes,5367592.0,111523.0,14.0,2.0,31915.0,49468.0,30140.0,5288014.0,5337482.0,5367622.0,306.0,193.0,212.0,308.0,2.0,1690723717288.0
99,-1.2424609659607133,-1.293307542671622,HAM,Mercedes,5479718.0,112126.0,15.0,2.0,32131.0,49747.0,30248.0,5399753.0,5449500.0,5479748.0,308.0,191.0,211.0,307.0,3.0,1690723828811.0
100,-1.0982715852966745,-0.9693145779644082,HAM,Mercedes,5591933.0,112215.0,16.0,2.0,32282.0,49734.0,30199.0,5512030.0,5561764.0,5591963.0,306.0,189.0,210.0,308.0,4.0,1690723940937.0
101,-1.084799233900148,-0.37608896539221126,HAM,Mercedes,5704354.0,112421.0,17.0,2.0,32233.0,49705.0,30483.0,5624196.0,5673901.0,5704384.0,309.0,189.0,208.0,310.0,5.0,1690724053152.0
102,-0.9525161074300643,-0.18217452467380388,HAM,Mercedes,5817118.0,112764.0,18.0,2.0,32344.0,50003.0,30417.0,5736728.0,5786731.0,5817148.0,310.0,185.0,210.0,308.0,6.0,1690724165573.0
103,-0.9291574815923478,0.32990312067479405,HAM,Mercedes,5930071.0,112953.0,19.0,2.0,32351.0,49880.0,30722.0,5849499.0,5899379.0,5930101.0,309.0,187.0,206.0,307.0,7.0,1690724278337.0
104,-1.0334994477453165,0.42820159526947704,HAM,Mercedes,6161478.0,116302.0,21.0,2.0,33017.0,51648.0,31637.0,6078223.0,6129871.0,6161508.0,311.0,183.0,214.0,286.0,9.0,1690724506395.0
105,-0.9783110627377538,1.2182182435382438,HAM,Mercedes,6277977.0,116499.0,22.0,2.0,32635.0,52284.0,31580.0,6194143.0,6246427.0,6278007.0,307.0,185.0,210.0,301.0,10.0,1690724622697.0
106,0.45384973843699056,-0.8377579204369057,HAM,Mercedes,6390273.0,112296.0,23.0,2.0,32812.0,49238.0,30246.0,6310819.0,6360057.0,6390303.0,310.0,193.0,210.0,297.0,11.0,1690724739196.0
107,0.5925703052928932,-0.08748913791919284,HAM,Mercedes,6502271.0,111998.0,24.0,2.0,32370.0,49295.0,30333.0,6422673.0,6471968.0,6502301.0,308.0,189.0,211.0,310.0,12.0,1690724851492.0
108,0.664263111564635,0.27234454245337003,HAM,Mercedes,6614462.0,112191.0,25.0,2.0,32309.0,49560.0,30322.0,6534610.0,6584170.0,6614492.0,311.0,188.0,210.0,309.0,13.0,1690724963489.9998
109,1.8961532578645475,-5.461731658481823,HAM,Mercedes,6966635.0,123721.0,28.0,3.0,46299.0,47786.0,29636.0,6889243.0,6937029.0,6966665.0,318.0,199.0,218.0,302.0,1.0,1690725304133.0
110,2.205060896019232,-1.7687548436645983,HAM,Mercedes,7076918.0,110283.0,29.0,3.0,32014.0,48195.0,30074.0,6998679.0,7046874.0,7076948.0,308.0,193.0,215.0,312.0,2.0,1690725427854.0002
111,2.5291570425120447,-0.9577419771639905,HAM,Mercedes,7409910.0,110935.0,32.0,3.0,32135.0,48798.0,30002.0,7331140.0,7379938.0,7409940.0,312.0,190.0,213.0,309.0,5.0,1690725760193.9998
112,2.576078933050495,-0.3803045887894888,HAM,Mercedes,7521046.0,111136.0,33.0,3.0,32302.0,48754.0,30080.0,7442242.0,7490996.0,7521076.0,311.0,186.0,212.0,310.0,6.0,1690725871129.0
113,2.9643976439234505,-0.8448630149568646,HAM,Mercedes,7632096.0,111050.0,34.0,3.0,32173.0,48800.0,30077.0,7553249.0,7602049.0,7632126.0,312.0,194.0,212.0,312.0,7.0,1690725982265.0
114,3.2554271425609937,-0.3413278573166843,HAM,Mercedes,7854970.0,111224.0,36.0,3.0,32165.0,48923.0,30136.0,7775941.0,7824864.0,7855000.0,309.0,192.0,211.0,311.0,9.0,1690726204965.0
115,3.4391410664516435,-0.3038554947223244,HAM,Mercedes,7966398.0,111428.0,37.0,3.0,32127.0,49210.0,30091.0,7887127.0,7936337.0,7966428.0,313.0,191.0,213.0,310.0,10.0,1690726316189.0
116,3.405873758077314,0.6400203779949296,HAM,Mercedes,8077507.0,111109.0,38.0,3.0,31950.0,48939.0,30220.0,7998378.0,8047317.0,8077537.0,311.0,185.0,210.0,309.0,11.0,1690726427617.0
117,3.735899895837851,0.2869284796603913,HAM,Mercedes,8188915.0,111408.0,39.0,3.0,32137.0,49110.0,30161.0,8109674.0,8158784.0,8188945.0,313.0,190.0,211.0,312.0,12.0,1690726538726.0002
118,3.6506951659941795,1.0333609697016153,HAM,Mercedes,8301081.0,112166.0,40.0,3.0,32221.0,49497.0,30448.0,8221166.0,8270663.0,8301111.0,309.0,183.0,212.0,310.0,13.0,1690726650134.0002
119,4.077456278207428,0.5931108107540745,HAM,Mercedes,8412877.0,111796.0,41.0,3.0,32171.0,49500.0,30125.0,8333282.0,8382782.0,8412907.0,311.0,188.0,212.0,312.0,14.0,1690726762300.0
120,3.3538692651900113,-2.3068662880479898,HAM,Mercedes,8657661.0,129564.0,43.0,4.0,46618.0,50523.0,32423.0,8574745.0,8625268.0,8657691.0,316.0,188.0,223.0,303.0,1.0,1690726989316.0
121,6.035191246526627,-2.6236388325554056,HAM,Mercedes,8764966.0,107305.0,44.0,4.0,31545.0,46470.0,29290.0,8689236.0,8735706.0,8764996.0,311.0,197.0,217.0,309.0,2.0,1690727118880.0
122,-4.275022439479466,-0.206568210675366,ALO,Aston Martin,4225438.0,113395.0,4.0,1.0,32119.0,50729.0,30547.0,4144201.0,4194930.0,4225477.0,334.0,187.0,208.0,308.0,4.0,1690722573262.0002
123,-3.749664951384832,-0.7809325407224776,ALO,Aston Martin,4339034.0,113596.0,5.0,1.0,32807.0,50278.0,30511.0,4258284.0,4308562.0,4339073.0,303.0,185.0,210.0,304.0,5.0,1690722686657.0
124,-3.600693475523073,-0.5814487999846267,ALO,Aston Martin,4452677.0,113643.0,6.0,1.0,32745.0,50294.0,30604.0,4371818.0,4422112.0,4452716.0,304.0,186.0,209.0,303.0,6.0,1690722800253.0
125,-3.257633721809064,-0.09886142794531041,ALO,Aston Martin,4679717.0,113585.0,8.0,1.0,32833.0,50244.0,30508.0,4599004.0,4649248.0,4679756.0,303.0,183.0,208.0,303.0,8.0,1690723027351.0
126,-3.2673974760102165,-2.7794352442730403,ALO,Aston Martin,5039903.0,128573.0,11.0,2.0,46493.0,51080.0,31000.0,4957862.0,5008942.0,5039942.0,316.0,192.0,206.0,301.0,1.0,1690723372549.0
127,-1.805640719367092,-1.390720292022669,ALO,Aston Martin,5151845.0,111942.0,12.0,2.0,32329.0,49333.0,30280.0,5072271.0,5121604.0,5151884.0,325.0,191.0,212.0,311.0,2.0,1690723501121.9998
128,-1.6287118949781456,-1.3210765205988737,ALO,Aston Martin,5264344.0,112499.0,13.0,2.0,32472.0,49637.0,30390.0,5184356.0,5233993.0,5264383.0,305.0,190.0,211.0,306.0,3.0,1690723613064.0
129,-1.7998658455449679,0.15784983160617427,ALO,Aston Martin,5489259.0,113029.0,15.0,2.0,31702.0,50870.0,30457.0,5407971.0,5458841.0,5489298.0,332.0,187.0,209.0,311.0,5.0,1690723837449.0
130,-1.2640572017653298,-0.4619483368227126,ALO,Aston Martin,5601894.0,112635.0,16.0,2.0,32164.0,50101.0,30370.0,5521462.0,5571563.0,5601933.0,322.0,188.0,211.0,308.0,6.0,1690723950478.0002
131,-1.0217568099185188,-0.39906281104879127,ALO,Aston Martin,5714780.0,112886.0,17.0,2.0,32732.0,49495.0,30659.0,5634665.0,5684160.0,5714819.0,305.0,188.0,209.0,305.0,7.0,1690724063113.0
132,-0.7589999721922215,0.03883869326983234,ALO,Aston Martin,5940966.0,113374.0,19.0,2.0,32692.0,49832.0,30850.0,5860323.0,5910155.0,5941005.0,303.0,187.0,209.0,303.0,9.0,1690724288811.0
133,-0.8100422690304836,0.6936491431230766,ALO,Aston Martin,6289685.0,116909.0,22.0,2.0,33373.0,52242.0,31294.0,6206188.0,6258430.0,6289724.0,301.0,186.0,209.0,287.0,12.0,1690724633995.0
134,1.1819959574419197,0.3640898868850886,ALO,Aston Martin,6853453.0,112505.0,27.0,2.0,32578.0,49318.0,30609.0,6773565.0,6822883.0,6853492.0,304.0,189.0,211.0,303.0,17.0,1690725202167.0
135,1.6530602688529885,-4.3252384130760255,ALO,Aston Martin,7210596.0,126152.0,30.0,3.0,47257.0,48754.0,30141.0,7131740.0,7180494.0,7210635.0,312.0,196.0,213.0,302.0,1.0,1690725545663.0
136,2.2959465183329018,-1.5973770737703412,ALO,Aston Martin,7322694.0,112098.0,31.0,3.0,32507.0,49384.0,30207.0,7243142.0,7292526.0,7322733.0,303.0,192.0,215.0,305.0,2.0,1690725671815.0
137,2.848956790593925,-1.3737074753099783,ALO,Aston Martin,7545405.0,110955.0,33.0,3.0,32434.0,48457.0,30064.0,7466923.0,7515380.0,7545444.0,304.0,192.0,213.0,306.0,4.0,1690725895669.0
138,2.8601450873842853,-1.0670165208996043,ALO,Aston Martin,7657239.0,111834.0,34.0,3.0,32460.0,49178.0,30196.0,7577904.0,7627082.0,7657278.0,306.0,194.0,212.0,307.0,5.0,1690726006624.0
139,2.9074601560758517,-0.5046609672878153,ALO,Aston Martin,7769206.0,111967.0,35.0,3.0,32404.0,49103.0,30460.0,7689682.0,7738785.0,7769245.0,303.0,190.0,212.0,306.0,6.0,1690726118457.9998
140,3.3335291847852693,-1.0138816715342438,ALO,Aston Martin,7880872.0,111666.0,36.0,3.0,32435.0,49025.0,30206.0,7801680.0,7850705.0,7880911.0,305.0,194.0,213.0,305.0,7.0,1690726230425.0
141,3.9924369475608033,-0.6557431519500422,ALO,Aston Martin,8215033.0,111214.0,39.0,3.0,32272.0,48704.0,30238.0,8136130.0,8184834.0,8215072.0,307.0,193.0,214.0,306.0,10.0,1690726565038.0002
142,4.127752466612744,-0.3076693010821231,ALO,Aston Martin,8326312.0,111279.0,40.0,3.0,32360.0,48715.0,30204.0,8247432.0,8296147.0,8326351.0,305.0,191.0,213.0,307.0,11.0,1690726676252.0
143,4.44270860146365,-0.5265676969463287,ALO,Aston Martin,8437638.0,111326.0,41.0,3.0,32430.0,48647.0,30249.0,8358781.0,8407428.0,8437677.0,304.0,194.0,214.0,308.0,12.0,1690726787531.0
144,4.68141419594129,-0.39260839246365914,ALO,Aston Martin,8548576.0,110938.0,42.0,3.0,32393.0,48452.0,30093.0,8470070.0,8518522.0,8548615.0,303.0,193.0,213.0,307.0,13.0,1690726898857.0
145,4.7780980114654925,-0.10909596938569067,ALO,Aston Martin,8659927.0,111351.0,43.0,3.0,32495.0,48754.0,30102.0,8581110.0,8629864.0,8659966.0,305.0,192.0,213.0,308.0,14.0,1690727009795.0
146,-4.564970683617284,0.15556648187886465,RUS,Mercedes,4230173.0,115162.0,4.0,1.0,32167.0,52178.0,30817.0,4147183.0,4199361.0,4230178.0,321.0,182.0,211.0,307.0,4.0,1690722576230.0002
147,-4.5467863561533,0.6600555646503854,RUS,Mercedes,4345704.0,115531.0,5.0,1.0,31892.0,52726.0,30913.0,4262070.0,4314796.0,4345709.0,333.0,183.0,211.0,313.0,5.0,1690722691392.0
148,-4.606380802925201,1.14072630306204,RUS,Mercedes,4461761.0,116057.0,6.0,1.0,32033.0,53332.0,30692.0,4377742.0,4431074.0,4461766.0,346.0,184.0,207.0,311.0,6.0,1690722806923.0
149,-3.4963641472303513,-0.3138697609898206,RUS,Mercedes,4575552.0,113791.0,7.0,1.0,32545.0,50738.0,30508.0,4494311.0,4545049.0,4575557.0,315.0,188.0,208.0,305.0,7.0,1690722922980.0
150,-3.2410815530133887,-0.3616187301791761,RUS,Mercedes,4689341.0,113789.0,8.0,1.0,32461.0,50918.0,30410.0,4608018.0,4658936.0,4689346.0,317.0,189.0,209.0,306.0,8.0,1690723036771.0
151,-3.14377020610835,-0.014140391938378804,RUS,Mercedes,4803313.0,113972.0,9.0,1.0,32544.0,50798.0,30630.0,4721890.0,4772688.0,4803318.0,315.0,188.0,208.0,304.0,9.0,1690723150560.0
152,-2.938933491009351,0.07605813147096128,RUS,Mercedes,4917413.0,114100.0,10.0,1.0,32837.0,50646.0,30617.0,4836155.0,4886801.0,4917418.0,311.0,189.0,206.0,303.0,10.0,1690723264532.0
153,-2.459590664616135,0.3440007117233664,RUS,Mercedes,5145404.0,113983.0,12.0,1.0,32757.0,50551.0,30675.0,5064183.0,5114734.0,5145409.0,300.0,184.0,209.0,304.0,12.0,1690723492640.0
154,-2.7219009635072164,1.5056566739284418,RUS,Mercedes,5260015.0,114611.0,13.0,1.0,32474.0,51038.0,31099.0,5177883.0,5228921.0,5260020.0,310.0,182.0,206.0,306.0,13.0,1690723606623.0
155,-2.2579649999756337,1.1387375791255003,RUS,Mercedes,5374027.0,114012.0,14.0,1.0,32454.0,50808.0,30750.0,5292474.0,5343282.0,5374032.0,308.0,179.0,210.0,305.0,14.0,1690723721233.9998
156,-1.8880305636186283,1.189519571838707,RUS,Mercedes,5604584.0,114828.0,16.0,1.0,32833.0,51217.0,30778.0,5522594.0,5573811.0,5604589.0,308.0,180.0,211.0,304.0,16.0,1690723950975.0
157,-1.746547031909744,1.6800639264375796,RUS,Mercedes,5718244.0,113660.0,17.0,1.0,32195.0,50694.0,30771.0,5636784.0,5687478.0,5718249.0,331.0,185.0,207.0,309.0,17.0,1690724065803.0
158,-1.431773926804053,1.4905372412441538,RUS,Mercedes,5832467.0,114223.0,18.0,1.0,32833.0,50353.0,31037.0,5751082.0,5801435.0,5832472.0,301.0,186.0,205.0,304.0,18.0,1690724179463.0
159,-1.710617811905029,2.762969193061703,RUS,Mercedes,6063964.0,116771.0,20.0,1.0,33210.0,51207.0,32354.0,5980408.0,6031615.0,6063969.0,302.0,186.0,204.0,302.0,20.0,1690724408412.0
160,-1.4385953140477883,2.209273533977586,RUS,Mercedes,6181489.0,117525.0,21.0,1.0,33249.0,52140.0,32136.0,6097218.0,6149358.0,6181494.0,304.0,183.0,211.0,292.0,21.0,1690724525183.0
161,-0.3806574973530012,-4.673868629500446,RUS,Mercedes,6432656.0,128989.0,23.0,2.0,48167.0,50928.0,29894.0,6351839.0,6402767.0,6432661.0,313.0,195.0,213.0,286.0,1.0,1690724764886.0002
162,0.824006398106294,-1.97362041218866,RUS,Mercedes,6543499.0,110843.0,24.0,2.0,31572.0,49229.0,30042.0,6464233.0,6513462.0,6543504.0,329.0,196.0,218.0,310.0,2.0,1690724893875.0
163,0.8531801119450735,-1.0776584731144718,RUS,Mercedes,6654102.0,110603.0,25.0,2.0,31702.0,48758.0,30143.0,6575206.0,6623964.0,6654107.0,322.0,191.0,214.0,313.0,3.0,1690725004718.0002
164,1.135947082541095,-1.488759404654778,RUS,Mercedes,6765526.0,111424.0,26.0,2.0,32343.0,48684.0,30397.0,6686450.0,6735134.0,6765531.0,301.0,194.0,213.0,304.0,4.0,1690725115321.0
165,1.193681272485362,-1.0820551557507294,RUS,Mercedes,6877114.0,111588.0,27.0,2.0,32485.0,48639.0,30464.0,6798016.0,6846655.0,6877119.0,304.0,193.0,211.0,302.0,5.0,1690725226745.0
166,1.312999241672892,-0.7148396282611413,RUS,Mercedes,6988856.0,111742.0,28.0,2.0,32538.0,48768.0,30436.0,6909657.0,6958425.0,6988861.0,301.0,191.0,210.0,303.0,6.0,1690725338333.0
167,1.6099522787355818,-0.8789680503335038,RUS,Mercedes,7100669.0,111813.0,29.0,2.0,32631.0,48753.0,30429.0,7021492.0,7070245.0,7100674.0,302.0,192.0,212.0,304.0,7.0,1690725450075.0
168,1.4645258548421318,0.08155086817159145,RUS,Mercedes,7212890.0,112221.0,30.0,2.0,32537.0,49017.0,30667.0,7133211.0,7182228.0,7212895.0,306.0,189.0,209.0,305.0,8.0,1690725561888.0
169,1.9346159687147426,-0.3636362350666036,RUS,Mercedes,7324695.0,111805.0,31.0,2.0,32525.0,48954.0,30326.0,7245420.0,7294374.0,7324700.0,303.0,189.0,212.0,306.0,9.0,1690725674109.0
170,2.554448620046728,-0.10017372133098987,RUS,Mercedes,7659242.0,111750.0,34.0,2.0,32472.0,48949.0,30329.0,7579969.0,7628918.0,7659247.0,306.0,192.0,211.0,307.0,12.0,1690726008711.0
171,2.5898101552244444,0.45221040703784726,RUS,Mercedes,7771038.0,111796.0,35.0,2.0,32301.0,49100.0,30395.0,7691548.0,7740648.0,7771043.0,307.0,189.0,210.0,306.0,13.0,1690726120461.0
172,3.2441845493983474,0.6579723869264408,RUS,Mercedes,8106598.0,111828.0,38.0,2.0,32386.0,48880.0,30562.0,8027161.0,8076041.0,8106603.0,306.0,190.0,211.0,306.0,16.0,1690726455989.0
173,4.037728403591485,1.1369715044650017,RUS,Mercedes,8554312.0,112009.0,42.0,2.0,32564.0,49070.0,30375.0,8474872.0,8523942.0,8554317.0,304.0,188.0,211.0,306.0,20.0,1690726903521.9998
174,4.282798751025633,1.1207509590941669,RUS,Mercedes,8666384.0,112072.0,43.0,2.0,32629.0,49002.0,30441.0,8586946.0,8635948.0,8666389.0,305.0,189.0,212.0,307.0,21.0,1690727015531.0
175,-5.070798371748015,0.9856523546012629,NOR,McLaren,4229976.0,116661.0,4.0,1.0,32619.0,52636.0,31406.0,4145904.0,4198540.0,4229946.0,321.0,182.0,206.0,303.0,4.0,1690722574534.0002
176,-3.7365652123784927,-4.040174421161272,NOR,McLaren,4479515.0,129109.0,6.0,2.0,49442.0,49098.0,30569.0,4399818.0,4448916.0,4479485.0,293.0,194.0,200.0,294.0,1.0,1690722811625.0
177,-2.7990803758554397,-1.8002831420443828,NOR,McLaren,4592587.0,113072.0,7.0,2.0,32894.0,49903.0,30275.0,4512379.0,4562282.0,4592557.0,311.0,191.0,210.0,299.0,2.0,1690722940734.0002
178,-2.900582916394309,-0.780867972579331,NOR,McLaren,4706399.0,113812.0,8.0,2.0,32431.0,50888.0,30493.0,4624988.0,4675876.0,4706369.0,295.0,184.0,210.0,304.0,3.0,1690723053806.0002
179,-2.7981620336842163,-0.4041350745380586,NOR,McLaren,4819608.0,113209.0,9.0,2.0,32468.0,50205.0,30536.0,4738837.0,4789042.0,4819578.0,318.0,185.0,208.0,303.0,4.0,1690723167617.9998
180,-2.644709708874739,-0.4897373465282076,NOR,McLaren,4934207.0,114599.0,10.0,2.0,32773.0,51421.0,30405.0,4852351.0,4903772.0,4934177.0,306.0,186.0,209.0,305.0,5.0,1690723280827.0
181,-2.403485256052342,-0.24151539467392405,NOR,McLaren,5047496.0,113289.0,11.0,2.0,32448.0,50356.0,30485.0,4966625.0,5016981.0,5047466.0,329.0,185.0,210.0,304.0,6.0,1690723395425.9998
182,-2.3158597714060725,0.20788659839927734,NOR,McLaren,5161057.0,113561.0,12.0,2.0,32380.0,50593.0,30588.0,5079846.0,5130439.0,5161027.0,322.0,183.0,209.0,305.0,7.0,1690723508715.0
183,-2.1904246261972857,0.9961022134116697,NOR,McLaren,5390209.0,115040.0,14.0,2.0,32514.0,51660.0,30866.0,5307653.0,5359313.0,5390179.0,294.0,182.0,205.0,306.0,9.0,1690723736388.0
184,-2.16897863146486,1.3449183311743735,NOR,McLaren,5505868.0,115659.0,15.0,2.0,32980.0,51437.0,31242.0,5423159.0,5474596.0,5505838.0,303.0,180.0,206.0,303.0,10.0,1690723851428.0
185,-1.7702754230898972,0.9135790489477468,NOR,McLaren,5621479.0,115611.0,16.0,2.0,32955.0,51733.0,30923.0,5538793.0,5590526.0,5621449.0,305.0,183.0,208.0,305.0,11.0,1690723967087.0
186,-0.39733993534064693,-4.964906493150655,NOR,McLaren,5866640.0,126244.0,18.0,3.0,47580.0,48356.0,30308.0,5787946.0,5836302.0,5866610.0,300.0,198.0,211.0,299.0,1.0,1690724201615.0
187,0.3288983362792028,-1.6770548888977885,NOR,McLaren,6090114.0,111745.0,20.0,3.0,32634.0,48697.0,30414.0,6010973.0,6059670.0,6090084.0,295.0,193.0,210.0,302.0,3.0,1690724439588.0
188,-0.17301431098739814,-0.3154261605765959,NOR,McLaren,6203883.0,113769.0,21.0,3.0,32539.0,50286.0,30944.0,6122623.0,6172909.0,6203853.0,304.0,190.0,208.0,304.0,4.0,1690724551333.0
189,-0.062220305786421105,0.11763099965799377,NOR,McLaren,6317608.0,113725.0,22.0,3.0,32406.0,50045.0,31274.0,6236259.0,6286304.0,6317578.0,310.0,192.0,207.0,309.0,5.0,1690724665102.0002
190,0.4622591562602706,-0.43411784261898545,NOR,McLaren,6430186.0,112578.0,23.0,3.0,32401.0,49675.0,30502.0,6349979.0,6399654.0,6430156.0,320.0,188.0,211.0,304.0,6.0,1690724778827.0
191,0.5973101040476877,-0.06779776351839457,NOR,McLaren,6543045.0,112859.0,24.0,3.0,32307.0,50073.0,30479.0,6462463.0,6512536.0,6543015.0,312.0,184.0,212.0,306.0,7.0,1690724891405.0
192,1.0907948198689446,-0.6734410280866558,NOR,McLaren,6655328.0,112283.0,25.0,3.0,32504.0,49333.0,30446.0,6575519.0,6624852.0,6655298.0,307.0,190.0,211.0,302.0,8.0,1690725004264.0
193,1.5195117316144993,-0.2660614618810988,NOR,McLaren,6878799.0,111789.0,27.0,3.0,32703.0,48566.0,30520.0,6799683.0,6848249.0,6878769.0,302.0,188.0,209.0,301.0,10.0,1690725228229.0
194,2.181619137960629,0.537840884871958,NOR,McLaren,7327484.0,112210.0,31.0,3.0,32948.0,48678.0,30584.0,7248192.0,7296870.0,7327454.0,301.0,187.0,207.0,303.0,14.0,1690725676493.0
195,2.738774944588921,0.9900500899833663,NOR,McLaren,7663858.0,112221.0,34.0,3.0,32885.0,48809.0,30527.0,7584492.0,7633301.0,7663828.0,302.0,187.0,206.0,303.0,17.0,1690726012856.0
196,2.81760204072222,1.2789373826417874,NOR,McLaren,7776594.0,112736.0,35.0,3.0,33004.0,49053.0,30679.0,7696832.0,7745885.0,7776564.0,301.0,186.0,206.0,302.0,18.0,1690726125077.0
197,3.471869866352841,2.2133638415083814,NOR,McLaren,8227021.0,112717.0,39.0,3.0,33061.0,48914.0,30742.0,8147335.0,8196249.0,8226991.0,304.0,182.0,205.0,302.0,22.0,1690726575523.0
198,4.565524979893165,1.990615961614966,NOR,McLaren,8676569.0,112309.0,43.0,3.0,32965.0,48735.0,30609.0,8597195.0,8645930.0,8676539.0,304.0,187.0,207.0,304.0,26.0,1690727025479.0
199,4.502290763488915,2.7458425126308055,NOR,McLaren,8789014.0,112445.0,44.0,3.0,32957.0,48875.0,30613.0,8709496.0,8758371.0,8788984.0,309.0,185.0,203.0,303.0,27.0,1690727137788.0
200,-4.629031480932349,0.4152559744086385,OCO,Alpine,4230880.0,114967.0,4.0,1.0,32047.0,51900.0,31020.0,4147950.0,4199850.0,4230870.0,323.0,185.0,208.0,310.0,4.0,1690722577132.0
201,-4.627713637956969,0.7552628777943636,OCO,Alpine,4346733.0,115853.0,5.0,1.0,32170.0,52454.0,31229.0,4263040.0,4315494.0,4346723.0,331.0,185.0,209.0,311.0,5.0,1690722692099.0
202,-3.2084848107763455,-4.211832562990978,OCO,Alpine,4593045.0,126224.0,7.0,2.0,46025.0,50075.0,30124.0,4512836.0,4562911.0,4593035.0,327.0,194.0,213.0,309.0,1.0,1690722928040.0
203,-2.762960150923518,-1.278959678510642,OCO,Alpine,4705531.0,112486.0,8.0,2.0,31769.0,50473.0,30244.0,4624804.0,4675277.0,4705521.0,332.0,189.0,213.0,305.0,2.0,1690723054264.0
204,-2.6540808354572802,-0.9485722907236986,OCO,Alpine,4818659.0,113128.0,9.0,2.0,31744.0,51106.0,30278.0,4737265.0,4788371.0,4818649.0,327.0,189.0,213.0,311.0,3.0,1690723166750.0002
205,-2.2137744127349723,-0.5814284825405339,OCO,Alpine,5043853.0,112962.0,11.0,2.0,32178.0,50289.0,30495.0,4963059.0,5013348.0,5043843.0,312.0,188.0,210.0,310.0,5.0,1690723392110.0002
206,-2.1212868269604077,0.28582227681114974,OCO,Alpine,5270480.0,113389.0,13.0,2.0,31966.0,50903.0,30520.0,5189047.0,5239950.0,5270470.0,327.0,186.0,209.0,312.0,7.0,1690723618310.0002
207,-2.170798797078536,1.4563172288955957,OCO,Alpine,5499021.0,114456.0,15.0,2.0,32014.0,51585.0,30857.0,5416569.0,5468154.0,5499011.0,326.0,179.0,208.0,309.0,9.0,1690723845784.0
208,-1.2868010578230624,0.7675614877224053,OCO,Alpine,5726329.0,113702.0,17.0,2.0,32438.0,50472.0,30792.0,5645055.0,5695527.0,5726319.0,308.0,184.0,208.0,309.0,11.0,1690724073846.0002
209,-1.4924831638844926,1.7024226650595526,OCO,Alpine,5841280.0,114951.0,18.0,2.0,32506.0,50712.0,31733.0,5758825.0,5809537.0,5841270.0,309.0,180.0,210.0,310.0,12.0,1690724187548.0
210,-1.3711672388648266,0.9033868058727539,OCO,Alpine,5957166.0,115886.0,19.0,2.0,33317.0,51042.0,31527.0,5874587.0,5925629.0,5957156.0,311.0,179.0,210.0,274.0,13.0,1690724302499.0
211,-1.2419928985410837,1.1626870384243015,OCO,Alpine,6073699.0,116533.0,20.0,2.0,32876.0,52044.0,31613.0,5990032.0,6042076.0,6073689.0,320.0,188.0,209.0,291.0,14.0,1690724418385.0
212,-0.9973559442042631,1.5981200355484766,OCO,Alpine,6190078.0,116379.0,21.0,2.0,32457.0,52267.0,31655.0,6106146.0,6158413.0,6190068.0,321.0,188.0,211.0,308.0,15.0,1690724534918.0002
213,-0.7586039156034563,1.3879270991371975,OCO,Alpine,6307203.0,117125.0,22.0,2.0,32589.0,53110.0,31426.0,6222657.0,6275767.0,6307193.0,304.0,191.0,209.0,305.0,16.0,1690724651297.0
214,-0.30432044784321044,1.5893073913451117,OCO,Alpine,6422312.0,115109.0,23.0,2.0,33121.0,50738.0,31250.0,6340314.0,6391052.0,6422302.0,312.0,180.0,211.0,301.0,17.0,1690724768422.0002
215,0.2524397719762362,1.3143364440986087,OCO,Alpine,6536026.0,113714.0,24.0,2.0,32600.0,50179.0,30935.0,6454902.0,6505081.0,6536016.0,307.0,186.0,209.0,309.0,18.0,1690724883531.0
216,1.1318012986587074,-4.530472557580273,OCO,Alpine,6778900.0,125354.0,26.0,3.0,46555.0,48725.0,30074.0,6700091.0,6748816.0,6778890.0,310.0,195.0,216.0,308.0,1.0,1690725114765.0
217,1.8294269144833466,-1.7716428901626773,OCO,Alpine,6889339.0,110439.0,27.0,3.0,31830.0,48604.0,30005.0,6810720.0,6859324.0,6889329.0,311.0,193.0,215.0,311.0,2.0,1690725240119.0
218,1.7164692810053026,-0.8320245365697779,OCO,Alpine,7000113.0,110774.0,28.0,3.0,31666.0,48968.0,30140.0,6920995.0,6969963.0,7000103.0,315.0,186.0,215.0,312.0,3.0,1690725350558.0002
219,1.2911659816169638,0.4019885189723353,OCO,Alpine,7112208.0,112095.0,29.0,3.0,31249.0,50509.0,30337.0,7031352.0,7081861.0,7112198.0,343.0,186.0,213.0,318.0,4.0,1690725461332.0
220,1.7966260129911742,-0.13384239235145506,OCO,Alpine,7223966.0,111758.0,30.0,3.0,31915.0,49605.0,30238.0,7144113.0,7193718.0,7223956.0,326.0,189.0,211.0,314.0,5.0,1690725573427.0
221,2.135548224771924,-0.33587067765618045,OCO,Alpine,7335773.0,111807.0,31.0,3.0,32140.0,49367.0,30300.0,7256096.0,7305463.0,7335763.0,316.0,188.0,213.0,312.0,6.0,1690725685185.0
222,2.3661420143253102,0.8732853042141255,OCO,Alpine,7671324.0,112092.0,34.0,3.0,31690.0,50052.0,30350.0,7590912.0,7640964.0,7671314.0,325.0,187.0,209.0,314.0,9.0,1690726020451.0
223,3.269437876591087,0.5613513585479085,OCO,Alpine,8008393.0,111809.0,37.0,3.0,32023.0,49433.0,30353.0,7928597.0,7978030.0,8008383.0,314.0,190.0,210.0,313.0,12.0,1690726357803.0
224,3.306313052477811,1.0191174623259425,OCO,Alpine,8119877.0,111484.0,38.0,3.0,31529.0,49593.0,30362.0,8039912.0,8089505.0,8119867.0,340.0,190.0,211.0,315.0,13.0,1690726469612.0
225,3.6642098284268902,0.8113121576155974,OCO,Alpine,8231746.0,111869.0,39.0,3.0,32095.0,49407.0,30367.0,8151962.0,8201369.0,8231736.0,313.0,188.0,211.0,312.0,14.0,1690726581096.0
226,3.836761748621587,1.0340145616886576,OCO,Alpine,8343622.0,111876.0,40.0,3.0,32110.0,49407.0,30359.0,8263846.0,8313253.0,8343612.0,314.0,187.0,211.0,313.0,15.0,1690726692965.0
227,3.981072732590957,1.4733473712392702,OCO,Alpine,8454720.0,111098.0,41.0,3.0,31845.0,48985.0,30268.0,8375457.0,8424442.0,8454710.0,336.0,186.0,211.0,317.0,16.0,1690726804841.0
228,4.283024889192294,1.2974793936718445,OCO,Alpine,8566430.0,111710.0,42.0,3.0,32237.0,49267.0,30206.0,8486947.0,8536214.0,8566420.0,310.0,183.0,212.0,313.0,17.0,1690726915939.0
229,4.541609849185941,1.7282265512979855,OCO,Alpine,8790014.0,111920.0,44.0,3.0,32159.0,49480.0,30281.0,8710243.0,8759723.0,8790004.0,319.0,187.0,209.0,314.0,19.0,1690727139313.0
230,-4.715593595136587,0.4182158786266318,STR,Aston Martin,4229595.0,115058.0,4.0,1.0,32185.0,52247.0,30626.0,4146757.0,4199004.0,4229630.0,335.0,184.0,207.0,306.0,4.0,1690722575756.0
231,-4.538517224900298,0.46741868810998033,STR,Aston Martin,4345390.0,115795.0,5.0,1.0,32506.0,52355.0,30934.0,4262136.0,4314491.0,4345425.0,330.0,184.0,209.0,307.0,5.0,1690722690814.0002
232,-4.240871018524418,0.4266882532924593,STR,Aston Martin,4460453.0,115063.0,6.0,1.0,32277.0,52275.0,30511.0,4377702.0,4429977.0,4460488.0,343.0,186.0,208.0,308.0,6.0,1690722806609.0
233,-3.780428842129338,0.407194329113858,STR,Aston Martin,4574760.0,114307.0,7.0,1.0,32659.0,50954.0,30694.0,4493147.0,4544101.0,4574795.0,313.0,182.0,207.0,305.0,7.0,1690722921672.0
234,-3.027169497544427,-0.18252650976496354,STR,Aston Martin,4802506.0,113838.0,9.0,1.0,32765.0,50461.0,30612.0,4721468.0,4771929.0,4802541.0,304.0,187.0,208.0,303.0,9.0,1690723149887.0
235,-2.2066191316677326,1.2231900813447254,STR,Aston Martin,5488353.0,114934.0,15.0,1.0,33002.0,51212.0,30720.0,5406456.0,5457668.0,5488388.0,313.0,181.0,208.0,301.0,15.0,1690723834638.0002
236,-1.9113669446548796,1.0414348079192364,STR,Aston Martin,5604033.0,115680.0,16.0,1.0,33175.0,51632.0,30873.0,5521563.0,5573195.0,5604068.0,295.0,182.0,210.0,303.0,16.0,1690723949572.0
237,-2.0131934405791156,1.9927740222604569,STR,Aston Martin,5719546.0,115513.0,17.0,1.0,32804.0,51796.0,30913.0,5636872.0,5688668.0,5719581.0,311.0,180.0,207.0,306.0,17.0,1690724065252.0
238,-1.9217228663234827,2.4416824592771547,STR,Aston Martin,5951920.0,116900.0,19.0,1.0,33267.0,52294.0,31339.0,5868322.0,5920616.0,5951955.0,313.0,177.0,208.0,295.0,19.0,1690724296239.0
239,-2.3068872513941945,-1.2694108977925262,STR,Aston Martin,6209242.0,133650.0,21.0,2.0,49155.0,52321.0,32174.0,6124782.0,6177103.0,6209277.0,317.0,177.0,213.0,301.0,1.0,1690724536811.0
240,-0.543624936268193,-1.4061835854637348,STR,Aston Martin,6325654.0,116412.0,22.0,2.0,32851.0,53329.0,30232.0,6242128.0,6295457.0,6325689.0,304.0,191.0,214.0,286.0,2.0,1690724670461.0
241,0.5565992911698799,-1.9162836467679172,STR,Aston Martin,6437048.0,111394.0,23.0,2.0,32412.0,48968.0,30014.0,6358101.0,6407069.0,6437083.0,305.0,194.0,211.0,292.0,3.0,1690724786873.0
242,0.7440415813756714,-1.398275762094019,STR,Aston Martin,6548494.0,111446.0,24.0,2.0,32246.0,48914.0,30286.0,6469329.0,6518243.0,6548529.0,308.0,191.0,215.0,307.0,4.0,1690724898267.0
243,0.7691476978655939,-0.8627537397893588,STR,Aston Martin,6660235.0,111741.0,25.0,2.0,32120.0,49264.0,30357.0,6580649.0,6629913.0,6660270.0,310.0,188.0,215.0,308.0,5.0,1690725009713.0
244,0.9746755840145116,-0.6741794713052818,STR,Aston Martin,6771532.0,111297.0,26.0,2.0,32307.0,48728.0,30262.0,6692577.0,6741305.0,6771567.0,306.0,191.0,209.0,305.0,6.0,1690725121454.0002
245,1.3481971312654706,-0.4940596937793275,STR,Aston Martin,6994944.0,111705.0,28.0,2.0,32508.0,48930.0,30267.0,6915782.0,6964712.0,6994979.0,305.0,190.0,210.0,304.0,8.0,1690725344457.9998
246,1.421779238729866,-0.011527298717684476,STR,Aston Martin,7106863.0,111919.0,29.0,2.0,32493.0,49095.0,30331.0,7027472.0,7076567.0,7106898.0,307.0,186.0,211.0,306.0,9.0,1690725456163.0
247,1.7534551669654475,0.38892041001200456,STR,Aston Martin,7331101.0,112203.0,31.0,2.0,32649.0,49148.0,30406.0,7251582.0,7300730.0,7331136.0,306.0,186.0,210.0,308.0,11.0,1690725680117.0
248,2.082006105500128,0.03523469580796433,STR,Aston Martin,7443319.0,112218.0,32.0,2.0,32528.0,49326.0,30364.0,7363664.0,7412990.0,7443354.0,305.0,190.0,211.0,306.0,12.0,1690725792320.0
249,2.2929279135179095,0.17056047231518123,STR,Aston Martin,7555458.0,112139.0,33.0,2.0,32541.0,49223.0,30375.0,7475895.0,7525118.0,7555493.0,306.0,190.0,211.0,307.0,13.0,1690725904537.9998
250,2.329531180472552,0.6670321348233051,STR,Aston Martin,7667825.0,112367.0,34.0,2.0,32637.0,49325.0,30405.0,7588130.0,7637455.0,7667860.0,305.0,189.0,208.0,306.0,14.0,1690726016677.0
251,2.3937099705688936,1.2109563624586315,STR,Aston Martin,7780083.0,112258.0,35.0,2.0,32427.0,49321.0,30510.0,7700287.0,7749608.0,7780118.0,310.0,186.0,208.0,307.0,15.0,1690726129044.0
252,2.5206261204726843,1.3459855096144961,STR,Aston Martin,7892967.0,112884.0,36.0,2.0,32772.0,49455.0,30657.0,7812890.0,7862345.0,7893002.0,306.0,187.0,207.0,306.0,16.0,1690726241302.0002
253,2.872764995862393,1.1454644518951835,STR,Aston Martin,8005536.0,112569.0,37.0,2.0,32590.0,49433.0,30546.0,7925592.0,7975025.0,8005571.0,308.0,187.0,210.0,307.0,17.0,1690726354185.9998
254,3.2563372974736517,0.7949123678363363,STR,Aston Martin,8117851.0,112315.0,38.0,2.0,32570.0,49262.0,30483.0,8038141.0,8087403.0,8117886.0,306.0,190.0,211.0,306.0,18.0,1690726466755.0
255,3.2013797842300367,1.636999390250065,STR,Aston Martin,8230456.0,112605.0,39.0,2.0,32545.0,49463.0,30597.0,8150431.0,8199894.0,8230491.0,307.0,183.0,211.0,307.0,19.0,1690726579070.0002
256,3.4082128968937524,1.7187787432738897,STR,Aston Martin,8343073.0,112617.0,40.0,2.0,32447.0,49444.0,30726.0,8262938.0,8312382.0,8343108.0,308.0,185.0,211.0,308.0,20.0,1690726691675.0
257,3.5724648294362202,1.8000425864287233,STR,Aston Martin,8456489.0,113416.0,41.0,2.0,32590.0,50290.0,30536.0,8375698.0,8425988.0,8456524.0,294.0,185.0,210.0,309.0,21.0,1690726804292.0
258,4.12725971932226,1.6749208778832523,STR,Aston Martin,8681857.0,112632.0,43.0,2.0,32579.0,49504.0,30549.0,8601839.0,8651343.0,8681892.0,311.0,187.0,212.0,307.0,23.0,1690727030444.0
259,4.305977415854608,1.765636443694693,STR,Aston Martin,8794635.0,112778.0,44.0,2.0,32599.0,49706.0,30473.0,8714491.0,8764197.0,8794670.0,316.0,188.0,212.0,308.0,24.0,1690727143076.0
260,-4.544383851250057,-0.04348553456905719,TSU,AlphaTauri,4228321.0,115437.0,4.0,1.0,32218.0,52555.0,30664.0,4145117.0,4197672.0,4228336.0,318.0,189.0,207.0,309.0,4.0,1690722574103.0
261,-4.137487176099501,0.03176316639756658,TSU,AlphaTauri,4342150.0,113829.0,5.0,1.0,32337.0,50957.0,30535.0,4260673.0,4311630.0,4342165.0,332.0,187.0,207.0,310.0,5.0,1690722689540.0
262,-3.7906130546285066,-0.30492372129524914,TSU,AlphaTauri,4456177.0,114027.0,6.0,1.0,32521.0,50985.0,30521.0,4374686.0,4425671.0,4456192.0,314.0,188.0,207.0,304.0,6.0,1690722803369.0
263,-3.588834583478142,0.07401066736959536,TSU,AlphaTauri,4569856.0,113679.0,7.0,1.0,32532.0,50575.0,30572.0,4488724.0,4539299.0,4569871.0,311.0,186.0,206.0,307.0,7.0,1690722917396.0
264,-3.3464659147020663,0.014872073104483812,TSU,AlphaTauri,4683666.0,113810.0,8.0,1.0,32545.0,50804.0,30461.0,4602416.0,4653220.0,4683681.0,310.0,186.0,207.0,306.0,8.0,1690723031075.0
265,-2.574607700505829,-4.592635273216357,TSU,AlphaTauri,4928777.0,126819.0,10.0,2.0,46335.0,50727.0,29757.0,4848308.0,4899035.0,4928792.0,316.0,194.0,214.0,305.0,1.0,1690723263177.0
266,-2.3555649018792937,-0.6527405531512572,TSU,AlphaTauri,5041023.0,112246.0,11.0,2.0,31735.0,50137.0,30374.0,4960527.0,5010664.0,5041038.0,340.0,190.0,210.0,312.0,2.0,1690723389996.0
267,-2.369254471397566,-0.4295834718669039,TSU,AlphaTauri,5155251.0,114228.0,12.0,2.0,32102.0,51519.0,30607.0,5073140.0,5124659.0,5155266.0,316.0,189.0,210.0,310.0,3.0,1690723502241.9998
268,-1.7708710058703412,-0.8729553415238134,TSU,AlphaTauri,5267755.0,112504.0,13.0,2.0,32128.0,50054.0,30322.0,5187394.0,5237448.0,5267770.0,314.0,192.0,208.0,308.0,4.0,1690723616470.0002
269,-1.7251094108175198,-0.36409550375603966,TSU,AlphaTauri,5380718.0,112963.0,14.0,2.0,32277.0,50277.0,30409.0,5300047.0,5350324.0,5380733.0,313.0,187.0,209.0,309.0,5.0,1690723728974.0002
270,-1.3862717288773703,0.3199924741246763,TSU,AlphaTauri,5721824.0,114123.0,17.0,2.0,32342.0,51182.0,30599.0,5640058.0,5691240.0,5721839.0,315.0,188.0,208.0,310.0,8.0,1690724068920.0
271,-1.5238790638113446,1.288812056172109,TSU,AlphaTauri,5836576.0,114752.0,18.0,2.0,32213.0,51716.0,30823.0,5754052.0,5805768.0,5836591.0,314.0,181.0,208.0,311.0,9.0,1690724183043.0
272,-1.4391760160271403,1.1389414699721572,TSU,AlphaTauri,5952333.0,115757.0,19.0,2.0,32454.0,52330.0,30973.0,5869045.0,5921375.0,5952348.0,326.0,184.0,210.0,306.0,10.0,1690724297795.0
273,-0.9518386965669896,1.2036775703317832,TSU,AlphaTauri,6185594.0,116674.0,21.0,2.0,32317.0,53020.0,31337.0,6101252.0,6154272.0,6185609.0,289.0,185.0,211.0,308.0,12.0,1690724530139.0
274,-1.2532349904850064,2.247144497915229,TSU,AlphaTauri,6302652.0,117058.0,22.0,2.0,32255.0,53445.0,31358.0,6217864.0,6271309.0,6302667.0,323.0,184.0,207.0,306.0,13.0,1690724646813.0
275,-0.15439591732783464,0.36576276291070553,TSU,AlphaTauri,6417500.0,114848.0,23.0,2.0,32722.0,51465.0,30661.0,6335389.0,6386854.0,6417515.0,332.0,192.0,211.0,300.0,14.0,1690724763871.0
276,0.3142032522722237,-3.637026494426052,TSU,AlphaTauri,6662163.0,126716.0,25.0,3.0,46242.0,50341.0,30133.0,6581704.0,6632045.0,6662178.0,321.0,195.0,210.0,300.0,1.0,1690724996665.9998
277,1.4560201624763331,-1.727017616556498,TSU,AlphaTauri,6773557.0,111394.0,26.0,3.0,32049.0,49438.0,29907.0,6694227.0,6743665.0,6773572.0,315.0,195.0,213.0,309.0,2.0,1690725123382.0002
278,2.062981415157457,-0.21323393268432694,TSU,AlphaTauri,7334113.0,112222.0,31.0,3.0,32206.0,49784.0,30232.0,7254112.0,7303896.0,7334128.0,310.0,191.0,209.0,309.0,7.0,1690725683110.0002
279,2.6879462841642368,-0.5639291405973659,TSU,AlphaTauri,7558243.0,112133.0,33.0,3.0,32194.0,49895.0,30044.0,7478319.0,7528214.0,7558258.0,310.0,192.0,213.0,310.0,9.0,1690725907329.0
280,2.756323929304514,0.3910378139410987,TSU,AlphaTauri,7783134.0,112480.0,35.0,3.0,32121.0,50141.0,30218.0,7702790.0,7752931.0,7783149.0,321.0,189.0,211.0,309.0,11.0,1690726131873.0
281,3.0704770519714226,0.36335029778189926,TSU,AlphaTauri,7895451.0,112317.0,36.0,3.0,32189.0,49937.0,30191.0,7815338.0,7865275.0,7895466.0,312.0,189.0,211.0,310.0,12.0,1690726244353.0
282,3.092310518633582,1.1916050206031215,TSU,AlphaTauri,8121118.0,113457.0,38.0,3.0,32154.0,50961.0,30342.0,8039830.0,8090791.0,8121133.0,320.0,186.0,211.0,309.0,14.0,1690726468880.0
283,3.6049296314685004,0.8519759628647592,TSU,AlphaTauri,8233585.0,112467.0,39.0,3.0,32117.0,50249.0,30101.0,8153250.0,8203499.0,8233600.0,317.0,187.0,212.0,311.0,15.0,1690726582337.0
284,3.8148256398760663,1.048805975798582,TSU,AlphaTauri,8345883.0,112298.0,40.0,3.0,32101.0,49905.0,30292.0,8265701.0,8315606.0,8345898.0,316.0,187.0,212.0,312.0,16.0,1690726694804.0
285,3.957101787408221,1.3744119814892513,TSU,AlphaTauri,8458126.0,112243.0,41.0,3.0,32080.0,49883.0,30280.0,8377978.0,8427861.0,8458141.0,317.0,186.0,211.0,313.0,17.0,1690726807102.0002
286,4.291176181102486,0.9994913763807588,TSU,AlphaTauri,8570493.0,112367.0,42.0,3.0,32216.0,49911.0,30240.0,8490357.0,8540268.0,8570508.0,318.0,190.0,212.0,312.0,18.0,1690726919345.0
287,4.730944098965455,1.0524184159655754,TSU,AlphaTauri,8795516.0,112469.0,44.0,3.0,32216.0,50182.0,30071.0,8715278.0,8765460.0,8795531.0,321.0,192.0,212.0,313.0,20.0,1690727144265.9998
288,-4.50121404997507,0.2813335065577258,GAS,Alpine,4232894.0,114371.0,4.0,1.0,32047.0,51644.0,30680.0,4150572.0,4202216.0,4232896.0,335.0,182.0,211.0,313.0,4.0,1690722579742.0002
289,-4.865493627348288,1.5687604454403825,GAS,Alpine,4348309.0,115415.0,5.0,1.0,31866.0,52175.0,31374.0,4264762.0,4316937.0,4348311.0,355.0,183.0,208.0,319.0,5.0,1690722694113.0
290,-4.641876115109567,1.6984380843386824,GAS,Alpine,4463869.0,115560.0,6.0,1.0,31982.0,52165.0,31413.0,4380293.0,4432458.0,4463871.0,338.0,178.0,209.0,314.0,6.0,1690722809528.0
291,-4.42159838600338,1.8108014819858358,GAS,Alpine,4579318.0,115449.0,7.0,1.0,31997.0,52106.0,31346.0,4495868.0,4547974.0,4579320.0,330.0,181.0,205.0,313.0,7.0,1690722925088.0
292,-3.6624479528130447,0.94474397514212,GAS,Alpine,4693302.0,113984.0,8.0,1.0,32093.0,51101.0,30790.0,4611413.0,4662514.0,4693304.0,328.0,178.0,211.0,312.0,8.0,1690723040537.0
293,-3.0594165342947344,0.13569016733039538,GAS,Alpine,4806732.0,113430.0,9.0,1.0,32392.0,50381.0,30657.0,4725696.0,4776077.0,4806734.0,310.0,185.0,209.0,308.0,9.0,1690723154521.0
294,-2.9360668117275526,1.0918783645829906,GAS,Alpine,5034141.0,113822.0,11.0,1.0,32568.0,50523.0,30731.0,4952889.0,5003412.0,5034143.0,310.0,179.0,207.0,307.0,11.0,1690723381537.9998
295,-2.518951769744269,1.3227786119848055,GAS,Alpine,5261551.0,113769.0,13.0,1.0,32440.0,50533.0,30796.0,5180224.0,5230757.0,5261553.0,313.0,181.0,207.0,310.0,13.0,1690723609001.0
296,-2.422668486149963,1.7775135171041203,GAS,Alpine,5490924.0,115359.0,15.0,1.0,32524.0,52057.0,30778.0,5408091.0,5460148.0,5490926.0,312.0,183.0,205.0,308.0,15.0,1690723836784.0
297,-2.2369143479692855,2.2773547926490223,GAS,Alpine,5605706.0,114782.0,16.0,1.0,32596.0,51334.0,30852.0,5523522.0,5574856.0,5605708.0,317.0,176.0,207.0,310.0,16.0,1690723952143.0
298,-1.9416239733520626,2.4935239409682697,GAS,Alpine,5835854.0,115278.0,18.0,1.0,32193.0,52112.0,30973.0,5752771.0,5804883.0,5835856.0,329.0,182.0,207.0,313.0,18.0,1690724181795.0
299,-1.9775143509395343,3.1184954549610744,GAS,Alpine,5951420.0,115566.0,19.0,1.0,32323.0,51888.0,31355.0,5868179.0,5920067.0,5951422.0,337.0,180.0,206.0,311.0,19.0,1690724297073.0
300,-1.7389698712916883,2.654114903627778,GAS,Alpine,6068274.0,116854.0,20.0,1.0,32918.0,52282.0,31654.0,5984340.0,6036622.0,6068276.0,319.0,183.0,207.0,302.0,20.0,1690724412639.0
301,-1.6720373022910344,3.3919460005617608,GAS,Alpine,6185108.0,116834.0,21.0,1.0,32694.0,51800.0,32340.0,6100970.0,6152770.0,6185110.0,320.0,180.0,209.0,309.0,21.0,1690724529493.0
302,0.026178437333788808,-5.045311666697644,GAS,Alpine,6552980.0,129405.0,24.0,2.0,49650.0,49897.0,29858.0,6473227.0,6523124.0,6552982.0,325.0,193.0,218.0,297.0,1.0,1690724884793.9998
303,0.9453211620507531,-1.475370169250599,GAS,Alpine,6663891.0,110911.0,25.0,2.0,31531.0,49432.0,29948.0,6584513.0,6633945.0,6663893.0,312.0,190.0,217.0,313.0,2.0,1690725014199.0
304,0.7804094237366621,-0.6553341713265052,GAS,Alpine,6775400.0,111509.0,26.0,2.0,31641.0,49829.0,30039.0,6695534.0,6745363.0,6775402.0,328.0,189.0,214.0,314.0,3.0,1690725125110.0002
305,0.7427646353825531,-0.21431758646662832,GAS,Alpine,6887366.0,111966.0,27.0,2.0,31455.0,50387.0,30124.0,6806857.0,6857244.0,6887368.0,341.0,190.0,213.0,313.0,4.0,1690725236619.0
306,1.0293376481585295,1.163726475122757,GAS,Alpine,7225202.0,112362.0,30.0,2.0,31846.0,50053.0,30463.0,7144688.0,7194741.0,7225204.0,333.0,182.0,210.0,315.0,7.0,1690725574059.0
307,1.2472302005800424,1.1129448656285919,GAS,Alpine,7338068.0,112866.0,31.0,2.0,32012.0,50544.0,30310.0,7257216.0,7307760.0,7338070.0,326.0,181.0,211.0,314.0,8.0,1690725686421.0
308,1.399965709101563,1.2498621378633419,GAS,Alpine,7451165.0,113097.0,32.0,2.0,31777.0,50756.0,30564.0,7369847.0,7420603.0,7451167.0,330.0,182.0,213.0,315.0,9.0,1690725799287.0
309,2.0704257960529935,0.22427769450472332,GAS,Alpine,7563549.0,112384.0,33.0,2.0,32144.0,50026.0,30214.0,7483311.0,7533337.0,7563551.0,320.0,188.0,213.0,310.0,10.0,1690725912384.0
310,1.9899297640869857,1.4001547562404746,GAS,Alpine,7675795.0,112246.0,34.0,2.0,32297.0,49498.0,30451.0,7595848.0,7645346.0,7675797.0,311.0,181.0,208.0,311.0,11.0,1690726024768.0
311,2.1538881629561923,1.7223843476043783,GAS,Alpine,7787817.0,112022.0,35.0,2.0,32169.0,49414.0,30439.0,7707966.0,7757380.0,7787819.0,313.0,179.0,208.0,312.0,12.0,1690726137014.0002
312,3.1750870753056573,2.303163131199209,GAS,Alpine,8348230.0,112084.0,40.0,2.0,32276.0,49450.0,30358.0,8268424.0,8317874.0,8348232.0,314.0,176.0,210.0,313.0,17.0,1690726697365.0
313,3.493546639799215,2.187556789095382,GAS,Alpine,8460030.0,111800.0,41.0,2.0,32171.0,49299.0,30330.0,8380403.0,8429702.0,8460032.0,316.0,178.0,211.0,315.0,18.0,1690726809449.0
314,3.5854748307998543,2.4101790813884727,GAS,Alpine,8572264.0,112234.0,42.0,2.0,32088.0,49780.0,30366.0,8492120.0,8541900.0,8572266.0,315.0,179.0,210.0,314.0,19.0,1690726921249.0
315,-4.75868620311147,0.6280847475492805,BOT,Alfa Romeo,4232021.0,115571.0,4.0,1.0,32347.0,52456.0,30768.0,4148810.0,4201266.0,4232034.0,327.0,179.0,210.0,310.0,4.0,1690722577669.0
316,-4.565408547021661,0.6425528983266441,BOT,Alfa Romeo,4347620.0,115599.0,5.0,1.0,32166.0,52319.0,31114.0,4264200.0,4316519.0,4347633.0,339.0,184.0,211.0,312.0,5.0,1690722693240.0
317,-3.398408599551519,-3.829461897848542,BOT,Alfa Romeo,4594531.0,126796.0,7.0,2.0,45746.0,50863.0,30187.0,4513494.0,4564357.0,4594544.0,333.0,193.0,214.0,314.0,1.0,1690722928953.9998
318,-3.012654453513569,-0.5644658141418744,BOT,Alfa Romeo,4707450.0,112919.0,8.0,2.0,31741.0,50803.0,30375.0,4626285.0,4677088.0,4707463.0,337.0,186.0,212.0,312.0,2.0,1690723055750.0002
319,-2.7564614069844997,-0.7863036954042222,BOT,Alfa Romeo,4820949.0,113499.0,9.0,2.0,32135.0,51106.0,30258.0,4739598.0,4790704.0,4820962.0,332.0,185.0,214.0,309.0,3.0,1690723168669.0
320,-2.5485207502755927,0.7924342966861142,BOT,Alfa Romeo,5161672.0,113411.0,12.0,2.0,32047.0,50713.0,30651.0,5080321.0,5131034.0,5161685.0,333.0,179.0,209.0,309.0,6.0,1690723509480.0
321,-2.2560999617735673,1.2841190086065961,BOT,Alfa Romeo,5389315.0,113719.0,14.0,2.0,31890.0,51128.0,30701.0,5307499.0,5358627.0,5389328.0,342.0,179.0,210.0,315.0,8.0,1690723736815.0
322,-2.2072232156873812,1.2702381668784497,BOT,Alfa Romeo,5504626.0,115311.0,15.0,2.0,32257.0,52335.0,30719.0,5421585.0,5473920.0,5504639.0,326.0,180.0,209.0,309.0,9.0,1690723850534.0002
323,-1.8438419551330605,1.22843073610759,BOT,Alfa Romeo,5619163.0,114537.0,16.0,2.0,32298.0,51554.0,30685.0,5536937.0,5588491.0,5619176.0,332.0,180.0,210.0,311.0,10.0,1690723965845.0
324,-1.8560747495962548,1.8871031926728994,BOT,Alfa Romeo,5733873.0,114710.0,17.0,2.0,32040.0,51888.0,30782.0,5651216.0,5703104.0,5733886.0,336.0,179.0,208.0,313.0,11.0,1690724080382.0002
325,-1.5621705354981885,1.7020184188970868,BOT,Alfa Romeo,5848855.0,114982.0,18.0,2.0,32177.0,52034.0,30771.0,5766063.0,5818097.0,5848868.0,330.0,179.0,210.0,312.0,12.0,1690724195092.0
326,-1.2148375541971796,0.9314773792951417,BOT,Alfa Romeo,5963962.0,115107.0,19.0,2.0,32805.0,51398.0,30904.0,5881673.0,5933071.0,5963975.0,326.0,182.0,210.0,291.0,13.0,1690724310073.9998
327,-1.3598344247332161,2.1111034067576906,BOT,Alfa Romeo,6079488.0,115526.0,20.0,2.0,32219.0,52174.0,31133.0,5996194.0,6048368.0,6079501.0,333.0,181.0,208.0,305.0,14.0,1690724425181.0
328,-1.4153426224977463,2.5130202178768997,BOT,Alfa Romeo,6196572.0,117084.0,21.0,2.0,32132.0,52674.0,32278.0,6111633.0,6164307.0,6196585.0,332.0,184.0,212.0,309.0,15.0,1690724540707.0
329,-0.8584451335035206,1.3893572490027366,BOT,Alfa Romeo,6312791.0,116219.0,22.0,2.0,32487.0,52410.0,31322.0,6229072.0,6281482.0,6312804.0,337.0,188.0,210.0,290.0,16.0,1690724657791.0
330,-0.005757816643861164,0.416354530035734,BOT,Alfa Romeo,6427381.0,114590.0,23.0,2.0,33071.0,50845.0,30674.0,6345875.0,6396720.0,6427394.0,307.0,185.0,210.0,281.0,17.0,1690724774009.9998
331,1.1713670684070736,-4.973507608571024,BOT,Alfa Romeo,6670278.0,124853.0,25.0,3.0,47045.0,48103.0,29705.0,6592483.0,6640586.0,6670291.0,304.0,194.0,215.0,304.0,1.0,1690725006644.0
332,1.6954197998558136,-1.9587657766331719,BOT,Alfa Romeo,6780793.0,110515.0,26.0,3.0,32125.0,48406.0,29984.0,6702416.0,6750822.0,6780806.0,305.0,193.0,214.0,307.0,2.0,1690725131497.0
333,1.650439382479406,-1.3179065796156584,BOT,Alfa Romeo,6891924.0,111131.0,27.0,3.0,32142.0,48904.0,30085.0,6812948.0,6861852.0,6891937.0,307.0,189.0,214.0,308.0,3.0,1690725242012.0
334,1.740333127514741,-1.0083658624635867,BOT,Alfa Romeo,7003384.0,111460.0,28.0,3.0,32228.0,49118.0,30114.0,6924165.0,6973283.0,7003397.0,306.0,188.0,213.0,307.0,4.0,1690725353143.0
335,1.9392569311952728,-0.33987349487429847,BOT,Alfa Romeo,7226960.0,111904.0,30.0,3.0,32292.0,49299.0,30313.0,7147361.0,7196660.0,7226973.0,309.0,188.0,211.0,309.0,6.0,1690725576275.0
336,2.183618233858146,-0.023238425524794104,BOT,Alfa Romeo,7451986.0,112898.0,32.0,3.0,32212.0,50088.0,30598.0,7371313.0,7421401.0,7451999.0,314.0,187.0,215.0,310.0,8.0,1690725800307.0
337,2.1170331357012016,0.5337876475571081,BOT,Alfa Romeo,7565400.0,113414.0,33.0,3.0,31957.0,51309.0,30148.0,7483956.0,7535265.0,7565413.0,330.0,185.0,214.0,312.0,9.0,1690725913205.0
338,2.4323286751595736,0.9701826815310984,BOT,Alfa Romeo,7677588.0,112188.0,34.0,3.0,32353.0,49342.0,30493.0,7597766.0,7647108.0,7677601.0,308.0,184.0,207.0,309.0,10.0,1690726026619.0
339,2.8659240707109994,0.9569822155181757,BOT,Alfa Romeo,7902391.0,112391.0,36.0,3.0,32386.0,49551.0,30454.0,7822399.0,7871950.0,7902404.0,312.0,186.0,208.0,308.0,12.0,1690726251219.0
340,3.4229204791580687,0.8644151633064764,BOT,Alfa Romeo,8126597.0,112077.0,38.0,3.0,32353.0,49333.0,30391.0,8046886.0,8096219.0,8126610.0,312.0,188.0,209.0,309.0,14.0,1690726475739.0
341,3.42950954261862,1.4152486524283239,BOT,Alfa Romeo,8238993.0,112396.0,39.0,3.0,32329.0,49689.0,30378.0,8158939.0,8208628.0,8239006.0,313.0,183.0,209.0,307.0,15.0,1690726587816.0
342,3.7661062188764567,1.2389664893621044,BOT,Alfa Romeo,8351337.0,112344.0,40.0,3.0,32460.0,49467.0,30417.0,8271466.0,8320933.0,8351350.0,310.0,185.0,210.0,309.0,16.0,1690726700212.0
343,4.433112092240118,1.4893318736900325,BOT,Alfa Romeo,8688252.0,112170.0,43.0,3.0,32375.0,49390.0,30405.0,8608470.0,8657860.0,8688265.0,310.0,182.0,213.0,308.0,19.0,1690727037301.0
344,4.783378585060076,1.091635629282154,BOT,Alfa Romeo,8800486.0,112234.0,44.0,3.0,32365.0,49590.0,30279.0,8720630.0,8770220.0,8800499.0,309.0,189.0,212.0,309.0,20.0,1690727149471.0
345,-4.521669494575843,0.21481594749473004,ZHO,Alfa Romeo,4232532.0,114639.0,4.0,1.0,31994.0,51887.0,30758.0,4149875.0,4201762.0,4232520.0,329.0,187.0,208.0,313.0,4.0,1690722579112.0
346,-4.855154359165974,1.3072023448659744,ZHO,Alfa Romeo,4348642.0,116110.0,5.0,1.0,32188.0,52862.0,31060.0,4264708.0,4317570.0,4348630.0,345.0,182.0,208.0,315.0,5.0,1690722693751.0
347,-4.573235322114244,1.3462645738468242,ZHO,Alfa Romeo,4464509.0,115867.0,6.0,1.0,32393.0,52200.0,31274.0,4381023.0,4433223.0,4464497.0,339.0,180.0,209.0,312.0,6.0,1690722809861.0
348,-2.726380764339296,-5.169765947719262,ZHO,Alfa Romeo,4711448.0,127212.0,8.0,2.0,47983.0,49317.0,29912.0,4632207.0,4681524.0,4711436.0,313.0,196.0,213.0,305.0,1.0,1690723045455.0
349,-2.4575812314015155,-1.3007622876700158,ZHO,Alfa Romeo,4823870.0,112422.0,9.0,2.0,31997.0,50270.0,30155.0,4743433.0,4793703.0,4823858.0,321.0,185.0,215.0,308.0,2.0,1690723172667.0
350,-2.5385345166843822,-0.8523947379400432,ZHO,Alfa Romeo,4937774.0,113904.0,10.0,2.0,31774.0,51774.0,30356.0,4855632.0,4907406.0,4937762.0,322.0,191.0,213.0,316.0,3.0,1690723285089.0
351,-2.387929760130102,-0.3624832383221286,ZHO,Alfa Romeo,5050419.0,112645.0,11.0,2.0,31795.0,50478.0,30372.0,4969557.0,5020035.0,5050407.0,344.0,190.0,210.0,314.0,4.0,1690723398993.0
352,-2.157145931136045,-0.23995048112931555,ZHO,Alfa Romeo,5163722.0,113303.0,12.0,2.0,32204.0,50570.0,30529.0,5082611.0,5133181.0,5163710.0,314.0,186.0,210.0,312.0,5.0,1690723511638.0002
353,-2.062717877744365,0.6242295591325332,ZHO,Alfa Romeo,5391382.0,113927.0,14.0,2.0,32306.0,50955.0,30666.0,5309749.0,5360704.0,5391370.0,319.0,186.0,206.0,313.0,7.0,1690723738673.9998
354,-1.9843337037397246,0.774012583881498,ZHO,Alfa Romeo,5506361.0,114979.0,15.0,2.0,32460.0,51809.0,30710.0,5423830.0,5475639.0,5506349.0,316.0,183.0,209.0,312.0,8.0,1690723852601.0
355,-1.8669427100713256,1.3783795211921435,ZHO,Alfa Romeo,5620656.0,114295.0,16.0,2.0,32018.0,51498.0,30779.0,5538367.0,5589865.0,5620644.0,329.0,184.0,207.0,319.0,9.0,1690723967580.0
356,-1.7258588624896813,1.487851595675732,ZHO,Alfa Romeo,5735542.0,114886.0,17.0,2.0,32444.0,51588.0,30854.0,5653088.0,5704676.0,5735530.0,317.0,179.0,208.0,311.0,10.0,1690724081875.0
357,-1.387138695220541,1.1309676909975133,ZHO,Alfa Romeo,5850545.0,115003.0,18.0,2.0,32300.0,51843.0,30860.0,5767830.0,5819673.0,5850533.0,318.0,185.0,209.0,313.0,11.0,1690724196761.0
358,-1.0844664493805205,1.3729545683691748,ZHO,Alfa Romeo,6081512.0,115451.0,20.0,2.0,32570.0,52018.0,30863.0,5998619.0,6050637.0,6081500.0,314.0,183.0,208.0,304.0,13.0,1690724427280.0
359,-0.9585111255996421,1.728495326007183,ZHO,Alfa Romeo,6197323.0,115811.0,21.0,2.0,32339.0,52087.0,31385.0,6113839.0,6165926.0,6197311.0,317.0,185.0,210.0,312.0,14.0,1690724542731.0
360,-1.3394066994432883,2.6880528930641674,ZHO,Alfa Romeo,6316070.0,118747.0,22.0,2.0,32198.0,54820.0,31729.0,6229509.0,6284329.0,6316058.0,290.0,184.0,207.0,313.0,15.0,1690724658542.0002
361,-0.3810006288164908,1.4584820722172744,ZHO,Alfa Romeo,6431750.0,115680.0,23.0,2.0,32710.0,52040.0,30930.0,6348768.0,6400808.0,6431738.0,305.0,185.0,208.0,303.0,16.0,1690724777289.0
362,0.11782537372082329,1.3360560937094295,ZHO,Alfa Romeo,6546366.0,114616.0,24.0,2.0,32525.0,51384.0,30707.0,6464263.0,6515647.0,6546354.0,307.0,184.0,211.0,312.0,17.0,1690724892969.0
363,1.1730106393227826,-4.9593651238450445,ZHO,Alfa Romeo,6790584.0,126229.0,26.0,3.0,47581.0,48877.0,29771.0,6711924.0,6760801.0,6790572.0,315.0,199.0,214.0,307.0,1.0,1690725125574.0002
364,1.8496131879970465,-1.7011622349315476,ZHO,Alfa Romeo,6900772.0,110188.0,27.0,3.0,31806.0,48488.0,29894.0,6822378.0,6870866.0,6900760.0,312.0,194.0,213.0,312.0,2.0,1690725251803.0
365,1.7402659143177506,-0.7772100922867463,ZHO,Alfa Romeo,7124290.0,112052.0,29.0,3.0,31884.0,50046.0,30122.0,7044110.0,7094156.0,7124278.0,328.0,192.0,214.0,314.0,4.0,1690725473457.0
366,1.4959681508380873,0.28133649683537204,ZHO,Alfa Romeo,7237110.0,112820.0,30.0,3.0,31730.0,50802.0,30288.0,7156008.0,7206810.0,7237098.0,340.0,190.0,211.0,317.0,5.0,1690725585509.0
367,1.8316693389062861,0.22379587958638752,ZHO,Alfa Romeo,7349460.0,112350.0,31.0,3.0,31858.0,50062.0,30430.0,7268956.0,7319018.0,7349448.0,330.0,189.0,211.0,313.0,6.0,1690725698329.0
368,2.0404486397977415,0.29340842715036153,ZHO,Alfa Romeo,7461707.0,112247.0,32.0,3.0,31572.0,50456.0,30219.0,7381020.0,7431476.0,7461695.0,341.0,189.0,213.0,316.0,7.0,1690725810679.0
369,2.4701949291507437,0.12306870852187096,ZHO,Alfa Romeo,7573213.0,111506.0,33.0,3.0,31665.0,49702.0,30139.0,7493360.0,7543062.0,7573201.0,333.0,192.0,211.0,318.0,8.0,1690725922926.0002
370,2.7772752175432402,-0.2001802445558219,ZHO,Alfa Romeo,7685265.0,112052.0,34.0,3.0,32021.0,49760.0,30271.0,7605222.0,7654982.0,7685253.0,313.0,195.0,210.0,313.0,9.0,1690726034432.0
371,2.7593840059261847,1.4910031954648597,ZHO,Alfa Romeo,8023562.0,112981.0,37.0,3.0,31620.0,51043.0,30318.0,7942189.0,7993232.0,8023550.0,338.0,187.0,210.0,317.0,12.0,1690726371800.0
372,2.809959012235545,1.9249010889711424,ZHO,Alfa Romeo,8137008.0,113446.0,38.0,3.0,31560.0,51285.0,30601.0,8055110.0,8106395.0,8136996.0,334.0,184.0,211.0,316.0,13.0,1690726484781.0
373,3.068230263673319,2.05256622674667,ZHO,Alfa Romeo,8250025.0,113017.0,39.0,3.0,31666.0,50817.0,30534.0,8168662.0,8219479.0,8250013.0,342.0,184.0,211.0,319.0,14.0,1690726598227.0
374,3.6739383742006373,1.3434090553956282,ZHO,Alfa Romeo,8361909.0,111884.0,40.0,3.0,31844.0,49728.0,30312.0,8281857.0,8331585.0,8361897.0,344.0,188.0,212.0,317.0,15.0,1690726711244.0
375,3.5476240575947435,2.180841533886586,ZHO,Alfa Romeo,8475017.0,113108.0,41.0,3.0,31774.0,50731.0,30603.0,8393671.0,8444402.0,8475005.0,321.0,183.0,210.0,316.0,16.0,1690726823128.0
376,4.088326944268611,1.6452724213509216,ZHO,Alfa Romeo,8586707.0,111690.0,42.0,3.0,31824.0,49581.0,30285.0,8506829.0,8556410.0,8586695.0,341.0,189.0,210.0,318.0,17.0,1690726936236.0
377,4.657198408591803,0.7583049465748112,ZHO,Alfa Romeo,8698730.0,112023.0,43.0,3.0,32238.0,49453.0,30332.0,8618933.0,8668386.0,8698718.0,311.0,191.0,213.0,312.0,18.0,1690727047926.0002
378,4.883375884879312,0.7438666589875248,ZHO,Alfa Romeo,8810736.0,112006.0,44.0,3.0,32266.0,49680.0,30060.0,8730984.0,8780664.0,8810724.0,320.0,191.0,214.0,313.0,19.0,1690727159949.0
379,-4.90040260178332,1.243612305189952,ALB,Williams,4228936.0,115004.0,4.0,1.0,31698.0,52560.0,30746.0,4145662.0,4198222.0,4228968.0,338.0,179.0,208.0,318.0,4.0,1690722575151.0
380,-4.6276628332205885,0.882234127180209,ALB,Williams,4344589.0,115653.0,5.0,1.0,31878.0,53226.0,30549.0,4260846.0,4314072.0,4344621.0,333.0,183.0,208.0,316.0,5.0,1690722690155.0
381,-4.029702065850952,0.3550958895299281,ALB,Williams,4458898.0,114309.0,6.0,1.0,32192.0,51628.0,30489.0,4376813.0,4428441.0,4458930.0,324.0,185.0,207.0,311.0,6.0,1690722805808.0
382,-3.1387640820202485,-4.0830661639460075,ALB,Williams,4704749.0,127310.0,8.0,2.0,47300.0,49993.0,30017.0,4624771.0,4674764.0,4704781.0,340.0,190.0,215.0,314.0,1.0,1690723038657.9998
383,-2.401104438829183,-1.3335324864695086,ALB,Williams,4816686.0,111937.0,9.0,2.0,31813.0,50219.0,29905.0,4736594.0,4786813.0,4816718.0,332.0,191.0,212.0,316.0,2.0,1690723165968.0
384,-2.4545611754044034,-0.5429506095301642,ALB,Williams,4928460.0,111774.0,10.0,2.0,31486.0,50257.0,30031.0,4848204.0,4898461.0,4928492.0,341.0,188.0,210.0,315.0,3.0,1690723277905.0
385,-2.5815373651106235,-0.13521869924149355,ALB,Williams,5042390.0,113930.0,11.0,2.0,31950.0,51730.0,30250.0,4960442.0,5012172.0,5042422.0,327.0,186.0,210.0,313.0,4.0,1690723389679.0
386,-2.643610021185864,0.8613510863267736,ALB,Williams,5156205.0,113815.0,12.0,2.0,31838.0,51563.0,30414.0,5074260.0,5125823.0,5156237.0,332.0,179.0,209.0,315.0,5.0,1690723503609.0
387,-2.0423548367072537,0.5433715083404088,ALB,Williams,5383732.0,113822.0,14.0,2.0,31890.0,51678.0,30254.0,5301832.0,5353510.0,5383764.0,325.0,182.0,210.0,314.0,7.0,1690723731129.0
388,-2.157080856594507,1.273340993126328,ALB,Williams,5498254.0,114522.0,15.0,2.0,32109.0,51861.0,30552.0,5415873.0,5467734.0,5498286.0,324.0,181.0,206.0,311.0,8.0,1690723844951.0
389,-2.1639421000095465,1.937596358510093,ALB,Williams,5613322.0,115068.0,16.0,2.0,32340.0,52091.0,30637.0,5530626.0,5582717.0,5613354.0,327.0,172.0,209.0,312.0,9.0,1690723959473.0
390,-2.0087546537234684,2.0871502134268334,ALB,Williams,5728318.0,114996.0,17.0,2.0,31937.0,52444.0,30615.0,5645291.0,5697735.0,5728350.0,338.0,178.0,207.0,316.0,10.0,1690724074541.0
391,-1.5759082147495782,1.7151774569824618,ALB,Williams,5843019.0,114701.0,18.0,2.0,32267.0,51847.0,30587.0,5760617.0,5812464.0,5843051.0,327.0,181.0,206.0,314.0,11.0,1690724189537.0
392,-1.3989152872691442,2.0206036890612573,ALB,Williams,6074509.0,116307.0,20.0,2.0,32080.0,53166.0,31061.0,5990314.0,6043480.0,6074541.0,328.0,184.0,209.0,316.0,13.0,1690724419421.0
393,-1.080127994201828,2.6651877430626625,ALB,Williams,6306104.0,115435.0,22.0,2.0,31814.0,52587.0,31034.0,6222515.0,6275102.0,6306136.0,340.0,189.0,202.0,318.0,15.0,1690724651888.0
394,0.5474523902550865,-4.452064423117856,ALB,Williams,6551822.0,126441.0,24.0,3.0,46752.0,49950.0,29739.0,6472165.0,6522115.0,6551854.0,326.0,194.0,217.0,310.0,1.0,1690724886600.0
395,1.1664383221485322,-1.430617686432397,ALB,Williams,6663254.0,111432.0,25.0,3.0,31395.0,50277.0,29760.0,6583249.0,6633526.0,6663286.0,325.0,192.0,216.0,315.0,2.0,1690725013041.0
396,1.1890060134760028,-0.7846553672997447,ALB,Williams,6774817.0,111563.0,26.0,3.0,31565.0,50080.0,29918.0,6694851.0,6744931.0,6774849.0,324.0,190.0,213.0,316.0,3.0,1690725124473.0
397,1.3235043838678644,-0.6554323098461452,ALB,Williams,6886705.0,111888.0,27.0,3.0,31745.0,50254.0,29889.0,6806594.0,6856848.0,6886737.0,329.0,190.0,213.0,315.0,4.0,1690725236036.0
398,1.1708916652671264,1.608280445665446,ALB,Williams,7224675.0,113203.0,30.0,3.0,31861.0,50900.0,30442.0,7143365.0,7194265.0,7224707.0,324.0,177.0,209.0,316.0,7.0,1690725572691.0
399,1.6024139073011632,0.9634066419768809,ALB,Williams,7337406.0,112731.0,31.0,3.0,31581.0,51069.0,30081.0,7256288.0,7307357.0,7337438.0,343.0,186.0,210.0,318.0,8.0,1690725685894.0002
400,1.2060204279848044,2.568296816842822,ALB,Williams,7451712.0,114306.0,32.0,3.0,31985.0,51363.0,30958.0,7369423.0,7420786.0,7451744.0,329.0,170.0,212.0,316.0,9.0,1690725798625.0
401,3.0287496186867333,-4.664228943508786,ALB,Williams,7694937.0,125488.0,34.0,4.0,46409.0,49556.0,29523.0,7615890.0,7665446.0,7694969.0,324.0,197.0,218.0,312.0,1.0,1690726030668.0
402,3.626558113057222,-1.2596340052794848,ALB,Williams,7804778.0,109841.0,35.0,4.0,31392.0,48936.0,29513.0,7726361.0,7775297.0,7804810.0,318.0,190.0,214.0,315.0,2.0,1690726156156.0
403,3.7152892582519716,-1.242930779103774,ALB,Williams,7915598.0,110820.0,36.0,4.0,31506.0,49543.0,29771.0,7836316.0,7885859.0,7915630.0,321.0,195.0,214.0,316.0,3.0,1690726265997.0
404,3.405670103099,0.9625059470751395,ALB,Williams,8251156.0,112918.0,39.0,4.0,31336.0,51245.0,30337.0,8169606.0,8220851.0,8251188.0,345.0,180.0,218.0,319.0,6.0,1690726599457.0
405,3.500039982566656,1.4652211949655936,ALB,Williams,8363906.0,112750.0,40.0,4.0,31552.0,50982.0,30216.0,8282740.0,8333722.0,8363938.0,344.0,181.0,212.0,320.0,7.0,1690726712375.0
406,4.174245410329461,0.5445028516354671,ALB,Williams,8475970.0,112064.0,41.0,4.0,31829.0,50319.0,29916.0,8395767.0,8446086.0,8476002.0,330.0,187.0,212.0,319.0,8.0,1690726825125.0
407,4.73767596381589,0.6324078408564527,ALB,Williams,8700028.0,111140.0,43.0,4.0,31699.0,49604.0,29837.0,8620619.0,8670223.0,8700060.0,328.0,186.0,212.0,317.0,10.0,1690727050107.0
408,-4.793523532806716,1.0328522803019788,MAG,Haas F1 Team,4234305.0,114635.0,4.0,1.0,31748.0,52071.0,30816.0,4151442.0,4203513.0,4234329.0,335.0,178.0,209.0,313.0,4.0,1690722580889.0
409,-3.3674763550583897,-4.5650468296958495,MAG,Haas F1 Team,4480290.0,126556.0,6.0,2.0,46716.0,49788.0,30052.0,4400474.0,4450262.0,4480314.0,337.0,194.0,214.0,304.0,1.0,1690722814953.0
410,-2.7699707026928646,-1.2183984536086556,MAG,Haas F1 Team,4591824.0,111534.0,7.0,2.0,31751.0,49590.0,30193.0,4512065.0,4561655.0,4591848.0,323.0,190.0,210.0,312.0,2.0,1690722941509.0
411,-2.6763321039688206,-1.054923805415445,MAG,Haas F1 Team,4704469.0,112645.0,8.0,2.0,32325.0,49991.0,30329.0,4624173.0,4674164.0,4704493.0,307.0,187.0,210.0,308.0,3.0,1690723053043.0
412,-2.80675498134674,-0.44710207352367864,MAG,Haas F1 Team,4818288.0,113819.0,9.0,2.0,32428.0,51050.0,30341.0,4736921.0,4787971.0,4818312.0,308.0,184.0,209.0,306.0,4.0,1690723165688.0
413,-2.6460100135455216,-0.2870827317366454,MAG,Haas F1 Team,4932298.0,114010.0,10.0,2.0,32382.0,51397.0,30231.0,4850694.0,4902091.0,4932322.0,314.0,185.0,209.0,309.0,5.0,1690723279507.0
414,-2.819153968299144,1.2800453282067374,MAG,Haas F1 Team,5045887.0,113589.0,11.0,2.0,32297.0,50778.0,30514.0,4964619.0,5015397.0,5045911.0,315.0,169.0,209.0,310.0,6.0,1690723393517.0
415,-2.4299068108835384,0.7168761327643837,MAG,Haas F1 Team,5159715.0,113828.0,12.0,2.0,32338.0,50897.0,30593.0,5078249.0,5129146.0,5159739.0,311.0,179.0,208.0,311.0,7.0,1690723507105.9998
416,-2.262842528740235,0.7666133304958016,MAG,Haas F1 Team,5273801.0,114086.0,13.0,2.0,32342.0,51059.0,30685.0,5192081.0,5243140.0,5273825.0,314.0,181.0,208.0,310.0,8.0,1690723620934.0002
417,-2.1134720622183956,1.237558343535262,MAG,Haas F1 Team,5503420.0,115185.0,15.0,2.0,32432.0,52117.0,30636.0,5420691.0,5472808.0,5503444.0,320.0,180.0,208.0,308.0,10.0,1690723849454.0002
418,-1.6670982257667255,1.0938990164123699,MAG,Haas F1 Team,5617854.0,114434.0,16.0,2.0,32631.0,51113.0,30690.0,5536075.0,5587188.0,5617878.0,310.0,180.0,208.0,309.0,11.0,1690723964639.0
419,-1.1820580659446254,1.5890571776356472,MAG,Haas F1 Team,5962198.0,114843.0,19.0,2.0,32632.0,51336.0,30875.0,5880011.0,5931347.0,5962222.0,311.0,181.0,207.0,307.0,14.0,1690724308574.0002
420,1.0423551583773274,-4.325153252561207,MAG,Haas F1 Team,6783594.0,125615.0,26.0,3.0,46622.0,49073.0,29920.0,6704625.0,6753698.0,6783618.0,309.0,193.0,215.0,308.0,1.0,1690725119198.0002
421,1.464422784109439,-0.8378639960836033,MAG,Haas F1 Team,6894587.0,110993.0,27.0,3.0,31828.0,49060.0,30105.0,6815446.0,6864506.0,6894611.0,311.0,186.0,213.0,311.0,2.0,1690725244813.0
422,1.6199287201491788,-0.7975199543412359,MAG,Haas F1 Team,7005949.0,111362.0,28.0,3.0,32002.0,49310.0,30050.0,6926613.0,6975923.0,7005973.0,312.0,189.0,211.0,310.0,3.0,1690725355806.0002
423,1.7161541309327972,0.16140578469711792,MAG,Haas F1 Team,7229792.0,112039.0,30.0,3.0,32172.0,49555.0,30312.0,7149949.0,7199504.0,7229816.0,312.0,184.0,210.0,311.0,5.0,1690725578972.0
424,2.264892284108591,0.3032095992176526,MAG,Haas F1 Team,7567973.0,112814.0,33.0,3.0,32345.0,50240.0,30229.0,7487528.0,7537768.0,7567997.0,315.0,187.0,210.0,310.0,8.0,1690725916377.9998
425,2.4206284764130945,0.6336521863713996,MAG,Haas F1 Team,7680762.0,112789.0,34.0,3.0,32279.0,50114.0,30396.0,7600276.0,7650390.0,7680786.0,312.0,187.0,209.0,312.0,9.0,1690726029192.0
426,3.2686974687230057,3.0056235626242738,MAG,Haas F1 Team,8589661.0,115236.0,42.0,3.0,32519.0,51533.0,31184.0,8506968.0,8558501.0,8589685.0,315.0,179.0,209.0,313.0,17.0,1690726935644.0
427,3.9395592908985178,2.2261582238544113,MAG,Haas F1 Team,8703611.0,113950.0,43.0,3.0,32516.0,50782.0,30652.0,8622201.0,8672983.0,8703635.0,312.0,182.0,210.0,312.0,18.0,1690727050880.0
428,4.348164613152487,1.909596116520218,MAG,Haas F1 Team,8817049.0,113438.0,44.0,3.0,32610.0,50404.0,30424.0,8736245.0,8786649.0,8817073.0,313.0,183.0,211.0,311.0,19.0,1690727164830.0002
429,-4.745282109337244,0.8029611686365771,RIC,AlphaTauri,4235049.0,114815.0,4.0,1.0,32023.0,51790.0,31002.0,4152272.0,4204062.0,4235064.0,332.0,183.0,207.0,312.0,4.0,1690722581453.0
430,-3.507511356135871,-4.06935770012462,RIC,AlphaTauri,4481723.0,127338.0,6.0,2.0,46309.0,50981.0,30048.0,4400709.0,4451690.0,4481738.0,301.0,191.0,211.0,307.0,1.0,1690722815604.0
431,-3.0152707666124887,-0.9051301747196004,RIC,AlphaTauri,4594121.0,112398.0,7.0,2.0,31664.0,50595.0,30139.0,4513402.0,4563997.0,4594136.0,330.0,189.0,210.0,312.0,2.0,1690722942942.0002
432,-3.0015563906620524,-0.02702612194270095,RIC,AlphaTauri,4820474.0,113378.0,9.0,2.0,31858.0,51173.0,30347.0,4738969.0,4790142.0,4820489.0,342.0,186.0,209.0,310.0,4.0,1690723168315.0
433,-2.6783261368574607,-0.03133846299311654,RIC,AlphaTauri,4933508.0,113034.0,10.0,2.0,31909.0,50858.0,30267.0,4852398.0,4903256.0,4933523.0,334.0,188.0,207.0,312.0,5.0,1690723281693.0
434,-2.361474144902664,-0.15642623395105634,RIC,AlphaTauri,5046877.0,113369.0,11.0,2.0,32290.0,50655.0,30424.0,4965813.0,5016468.0,5046892.0,314.0,185.0,209.0,309.0,6.0,1690723394727.0
435,-2.3319575726356976,0.35945725207585705,RIC,AlphaTauri,5160412.0,113535.0,12.0,2.0,31943.0,51046.0,30546.0,5078835.0,5129881.0,5160427.0,322.0,183.0,210.0,311.0,7.0,1690723508096.0
436,-2.068748995184359,0.7580282753702513,RIC,AlphaTauri,5388771.0,114323.0,14.0,2.0,32013.0,51656.0,30654.0,5306476.0,5358132.0,5388786.0,322.0,182.0,211.0,312.0,9.0,1690723735667.0
437,-2.2792664474029127,1.461338114104821,RIC,AlphaTauri,5504081.0,115310.0,15.0,2.0,31906.0,52777.0,30627.0,5420692.0,5473469.0,5504096.0,339.0,183.0,208.0,311.0,10.0,1690723849990.0002
438,-1.4852677284161822,1.6187442822487703,RIC,AlphaTauri,5848112.0,114826.0,18.0,2.0,31942.0,52145.0,30739.0,5765243.0,5817388.0,5848127.0,331.0,183.0,209.0,313.0,13.0,1690724194505.0
439,-1.405740559036903,2.059580318167962,RIC,AlphaTauri,5963113.0,115001.0,19.0,2.0,32225.0,51848.0,30928.0,5880352.0,5932200.0,5963128.0,321.0,182.0,205.0,309.0,14.0,1690724309331.0
440,-1.2849632249317742,2.077508992202055,RIC,AlphaTauri,6078785.0,115672.0,20.0,2.0,32298.0,52269.0,31105.0,5995426.0,6047695.0,6078800.0,328.0,182.0,208.0,307.0,15.0,1690724424332.0
441,-0.6735676855716205,-3.0749772445855377,RIC,AlphaTauri,6451549.0,129835.0,23.0,3.0,47005.0,52076.0,30754.0,6368734.0,6420810.0,6451564.0,314.0,186.0,213.0,286.0,1.0,1690724782933.0
442,0.9874734709394823,-1.423748504629951,RIC,AlphaTauri,6563268.0,111719.0,24.0,3.0,32061.0,49518.0,30140.0,6483625.0,6533143.0,6563283.0,308.0,190.0,214.0,308.0,2.0,1690724912768.0
443,1.12850087958499,-1.2463434436984604,RIC,AlphaTauri,6674262.0,110994.0,25.0,3.0,31555.0,49417.0,30022.0,6594838.0,6644255.0,6674277.0,334.0,192.0,214.0,306.0,3.0,1690725024487.0
444,1.104146130425271,-0.49734368071644885,RIC,AlphaTauri,6786194.0,111932.0,26.0,3.0,31848.0,49885.0,30199.0,6706125.0,6756010.0,6786209.0,317.0,189.0,211.0,311.0,4.0,1690725135481.0
445,1.507823720727493,-0.1821619986653049,RIC,AlphaTauri,7009395.0,111634.0,28.0,3.0,31952.0,49495.0,30187.0,6929728.0,6979223.0,7009410.0,315.0,187.0,210.0,308.0,6.0,1690725358980.0
446,1.679428530874602,-0.15444255959370204,RIC,AlphaTauri,7121538.0,112143.0,29.0,3.0,32321.0,49516.0,30306.0,7041731.0,7091247.0,7121553.0,316.0,190.0,209.0,309.0,7.0,1690725470614.0002
447,1.8406776241304939,0.19061180691884957,RIC,AlphaTauri,7233513.0,111975.0,30.0,3.0,32244.0,49495.0,30236.0,7153797.0,7203292.0,7233528.0,314.0,188.0,208.0,310.0,8.0,1690725582757.0
448,1.9583598511466629,1.0475894661484393,RIC,AlphaTauri,7458000.0,112419.0,32.0,3.0,32061.0,49854.0,30504.0,7377657.0,7427511.0,7458015.0,318.0,187.0,206.0,311.0,10.0,1690725806800.0
449,2.220339678522882,1.5690130829630218,RIC,AlphaTauri,7683293.0,112824.0,34.0,3.0,32130.0,50223.0,30471.0,7602614.0,7652837.0,7683308.0,317.0,188.0,203.0,313.0,12.0,1690726031688.0
450,2.2540029939091375,1.9861455794750766,RIC,AlphaTauri,7796684.0,113391.0,35.0,3.0,32159.0,50560.0,30672.0,7715467.0,7766027.0,7796699.0,320.0,183.0,206.0,312.0,13.0,1690726144512.0
451,2.5844388339928206,1.6586194920376458,RIC,AlphaTauri,7909899.0,113215.0,36.0,3.0,31993.0,50699.0,30523.0,7828692.0,7879391.0,7909914.0,331.0,187.0,208.0,313.0,14.0,1690726257903.0
452,2.838477620491046,1.6880837531650714,RIC,AlphaTauri,8023030.0,113131.0,37.0,3.0,31928.0,50683.0,30520.0,7941842.0,7992525.0,8023045.0,332.0,186.0,210.0,314.0,15.0,1690726371118.0002
453,2.8174826510588096,2.570195925803226,RIC,AlphaTauri,8251011.0,114520.0,39.0,3.0,32203.0,51744.0,30573.0,8168709.0,8220453.0,8251026.0,338.0,183.0,208.0,312.0,17.0,1690726597710.0002
454,2.9388130175500673,3.179093561342203,RIC,AlphaTauri,8365372.0,114361.0,40.0,3.0,32192.0,51232.0,30937.0,8283218.0,8334450.0,8365387.0,334.0,181.0,207.0,317.0,18.0,1690726712230.0002
455,3.302284356480717,3.0740081705247677,RIC,AlphaTauri,8478739.0,113367.0,41.0,3.0,31664.0,51074.0,30629.0,8397051.0,8448125.0,8478754.0,339.0,181.0,208.0,316.0,19.0,1690726826591.0
456,3.767120851812053,1.9625577020917466,RIC,AlphaTauri,8593986.0,115247.0,42.0,3.0,34264.0,50653.0,30330.0,8513018.0,8563671.0,8594001.0,320.0,184.0,207.0,308.0,20.0,1690726939958.0002
457,4.489970384779894,1.6425631021829987,RIC,AlphaTauri,8706101.0,112115.0,43.0,3.0,32400.0,49459.0,30256.0,8626401.0,8675860.0,8706116.0,314.0,187.0,209.0,310.0,21.0,1690727055205.0
458,4.75513768563343,1.5562382659615648,RIC,AlphaTauri,8818366.0,112265.0,44.0,3.0,32406.0,49585.0,30274.0,8738522.0,8788107.0,8818381.0,315.0,188.0,211.0,312.0,22.0,1690727167320.0
459,-4.763846716696105,0.9578362951084765,SAR,Williams,4231496.0,114152.0,4.0,1.0,31429.0,52020.0,30703.0,4148787.0,4200807.0,4231510.0,353.0,182.0,209.0,317.0,4.0,1690722578563.0
460,-4.778388580001879,1.9022098006638548,SAR,Williams,4463172.0,115947.0,6.0,1.0,32024.0,52594.0,31329.0,4379263.0,4431857.0,4463186.0,344.0,178.0,208.0,315.0,6.0,1690722808444.0
461,-4.338214280501146,1.5587502932383133,SAR,Williams,4578572.0,115400.0,7.0,1.0,32284.0,52175.0,30941.0,4495470.0,4547645.0,4578586.0,333.0,182.0,204.0,313.0,7.0,1690722924391.0
462,-3.256827307452577,-3.268635082010281,SAR,Williams,4824548.0,127068.0,9.0,2.0,46033.0,50928.0,30107.0,4743527.0,4794455.0,4824562.0,347.0,188.0,214.0,314.0,1.0,1690723158699.0
463,-2.8202911597257083,-0.28407644609551824,SAR,Williams,4938284.0,113736.0,10.0,2.0,31404.0,51934.0,30398.0,4855966.0,4907900.0,4938298.0,345.0,187.0,214.0,318.0,2.0,1690723285767.0
464,-2.9094301147350996,0.6095756425850211,SAR,Williams,5053128.0,114844.0,11.0,2.0,31526.0,52371.0,30947.0,4969824.0,5022195.0,5053142.0,319.0,182.0,212.0,319.0,3.0,1690723399503.0
465,-3.27986256505957,1.8102084282992421,SAR,Williams,5168625.0,115497.0,12.0,2.0,31612.0,52247.0,31638.0,5084754.0,5137001.0,5168639.0,345.0,183.0,207.0,316.0,4.0,1690723514347.0
466,-2.4760205015063703,0.695469084846027,SAR,Williams,5283221.0,114596.0,13.0,2.0,32031.0,51711.0,30854.0,5200670.0,5252381.0,5283235.0,330.0,182.0,211.0,314.0,5.0,1690723629844.0
467,-2.4940417150537906,1.565713083409206,SAR,Williams,5513932.0,115749.0,15.0,2.0,31909.0,52646.0,31194.0,5430106.0,5482752.0,5513946.0,343.0,185.0,208.0,315.0,7.0,1690723859401.9998
468,-1.7784573777275638,0.9962324684992035,SAR,Williams,5627754.0,113822.0,16.0,2.0,31782.0,51460.0,30580.0,5545728.0,5597188.0,5627768.0,342.0,187.0,208.0,319.0,8.0,1690723975151.0
469,-1.8232972570144128,1.5468680902832534,SAR,Williams,5742667.0,114913.0,17.0,2.0,32065.0,51665.0,31183.0,5659833.0,5711498.0,5742681.0,326.0,183.0,208.0,314.0,9.0,1690724088973.0
470,-1.3814687239824868,1.7569479270450747,SAR,Williams,5972339.0,114603.0,19.0,2.0,32134.0,51568.0,30901.0,5889884.0,5941452.0,5972353.0,329.0,182.0,207.0,313.0,11.0,1690724318955.0
471,-1.7103168260798685,3.0874220345214445,SAR,Williams,6087918.0,115579.0,20.0,2.0,32160.0,52354.0,31065.0,6004513.0,6056867.0,6087932.0,327.0,179.0,200.0,314.0,12.0,1690724433558.0002
472,-1.112468915119675,1.9863345177264338,SAR,Williams,6203689.0,115771.0,21.0,2.0,32272.0,52311.0,31188.0,6120204.0,6172515.0,6203703.0,328.0,183.0,209.0,313.0,13.0,1690724549137.0
473,-1.0048881158313294,2.4436603350309967,SAR,Williams,6319291.0,115602.0,22.0,2.0,32085.0,52358.0,31159.0,6235788.0,6288146.0,6319305.0,329.0,182.0,207.0,314.0,14.0,1690724664908.0
474,-0.7500606056102459,2.371685715542078,SAR,Williams,6434144.0,114853.0,23.0,2.0,32056.0,51893.0,30904.0,6351361.0,6403254.0,6434158.0,345.0,180.0,208.0,306.0,15.0,1690724780510.0002
475,0.9312689013995944,-4.428023256570246,SAR,Williams,6677721.0,125126.0,25.0,3.0,46675.0,48766.0,29685.0,6599284.0,6648050.0,6677735.0,328.0,192.0,217.0,311.0,1.0,1690725013814.0002
476,1.4655243290748603,-1.3866432817732124,SAR,Williams,6788388.0,110667.0,26.0,3.0,31453.0,49431.0,29783.0,6709188.0,6758619.0,6788402.0,323.0,191.0,215.0,314.0,2.0,1690725138940.0
477,1.326003906521143,-0.47700886753603094,SAR,Williams,6899717.0,111329.0,27.0,3.0,31648.0,49679.0,30002.0,6820050.0,6869729.0,6899731.0,326.0,188.0,212.0,316.0,3.0,1690725249607.0
478,1.3064415737106827,0.07698576445317529,SAR,Williams,7011538.0,111821.0,28.0,3.0,31574.0,50075.0,30172.0,6931305.0,6981380.0,7011552.0,324.0,187.0,210.0,315.0,4.0,1690725360936.0
479,1.600540592365045,0.3601703792712486,SAR,Williams,7236457.0,112727.0,30.0,3.0,32131.0,50414.0,30182.0,7155875.0,7206289.0,7236471.0,327.0,187.0,210.0,317.0,6.0,1690725584949.0
480,1.83945403696899,0.4860137794941168,SAR,Williams,7348742.0,112285.0,31.0,3.0,31820.0,50250.0,30215.0,7268291.0,7318541.0,7348756.0,328.0,186.0,211.0,316.0,7.0,1690725697676.0
481,1.8961210333699796,0.9154826507440159,SAR,Williams,7461342.0,112600.0,32.0,3.0,31916.0,50357.0,30327.0,7380672.0,7431029.0,7461356.0,329.0,183.0,211.0,315.0,8.0,1690725809961.0
482,3.102318403092017,-3.934864857198546,SAR,Williams,7816860.0,124478.0,35.0,4.0,45786.0,49126.0,29566.0,7738182.0,7787308.0,7816874.0,327.0,191.0,217.0,312.0,1.0,1690726153601.0
483,3.8654404699179863,-1.639906123340616,SAR,Williams,7927096.0,110236.0,36.0,4.0,31517.0,48999.0,29720.0,7848391.0,7897390.0,7927110.0,328.0,194.0,217.0,314.0,2.0,1690726278079.0
484,4.3154149901084535,0.1321517642412397,SAR,Williams,8483576.0,111581.0,41.0,4.0,31795.0,49796.0,29990.0,8403804.0,8453600.0,8483590.0,329.0,190.0,212.0,317.0,7.0,1690726833214.0002
485,4.759849939327316,0.3486502912554224,SAR,Williams,8707181.0,111241.0,43.0,4.0,31665.0,49622.0,29954.0,8627619.0,8677241.0,8707195.0,343.0,192.0,213.0,323.0,9.0,1690727057159.0
486,4.728708268875912,0.7325120681705263,SAR,Williams,8819771.0,112590.0,44.0,4.0,32347.0,50052.0,30191.0,8739542.0,8789594.0,8819785.0,331.0,187.0,213.0,317.0,10.0,1690727168400.0
487,-4.584307028829611,0.49182265313291174,HUL,Haas F1 Team,4233615.0,114581.0,4.0,1.0,32119.0,51678.0,30784.0,4151182.0,4202860.0,4233644.0,328.0,180.0,210.0,311.0,4.0,1690722580253.0
488,-4.621959779656117,0.8795704662758096,HUL,Haas F1 Team,4349145.0,115530.0,5.0,1.0,32172.0,52244.0,31114.0,4265816.0,4318060.0,4349174.0,337.0,185.0,208.0,314.0,5.0,1690722694833.9998
489,-4.252463096452846,1.3073128229524813,HUL,Haas F1 Team,4580675.0,115607.0,7.0,1.0,32377.0,52098.0,31132.0,4497474.0,4549572.0,4580704.0,324.0,182.0,206.0,311.0,7.0,1690722926287.0
490,-3.618308309731176,0.6254787069961438,HUL,Haas F1 Team,4695416.0,114741.0,8.0,1.0,32687.0,51236.0,30818.0,4613391.0,4664627.0,4695445.0,310.0,183.0,207.0,309.0,8.0,1690723041894.0002
491,-3.5356634742020945,0.9212193748343823,HUL,Haas F1 Team,4810776.0,115360.0,9.0,1.0,33159.0,51193.0,31008.0,4728604.0,4779797.0,4810805.0,306.0,180.0,207.0,306.0,9.0,1690723156635.0
492,-3.4184534455450777,2.2576920492787416,HUL,Haas F1 Team,5039693.0,114262.0,11.0,1.0,32286.0,50940.0,31036.0,4957746.0,5008686.0,5039722.0,324.0,175.0,204.0,309.0,11.0,1690723386649.9998
493,-2.0207401764052975,-4.2779348435898115,HUL,Haas F1 Team,5286107.0,127044.0,13.0,2.0,47674.0,49078.0,30292.0,5206766.0,5255844.0,5286136.0,307.0,191.0,212.0,304.0,1.0,1690723620281.9998
494,-1.4428519234072974,-1.3635919041287485,HUL,Haas F1 Team,5398455.0,112348.0,14.0,2.0,32039.0,49913.0,30396.0,5318175.0,5368088.0,5398484.0,311.0,192.0,212.0,309.0,2.0,1690723747326.0002
495,-2.17185975251704,0.14743458345004867,HUL,Haas F1 Team,5514041.0,115586.0,15.0,2.0,31887.0,52819.0,30880.0,5430371.0,5483190.0,5514070.0,335.0,186.0,215.0,313.0,3.0,1690723859673.9998
496,-1.7807845674803888,0.8139175584723731,HUL,Haas F1 Team,5742803.0,114852.0,17.0,2.0,32053.0,51955.0,30844.0,5660033.0,5711988.0,5742832.0,327.0,185.0,209.0,314.0,5.0,1690724089169.9998
497,-0.9095195984205722,0.2007657510325366,HUL,Haas F1 Team,5969483.0,113743.0,19.0,2.0,32538.0,50492.0,30713.0,5888307.0,5938799.0,5969512.0,307.0,184.0,210.0,306.0,7.0,1690724316959.0
498,-0.7543835181246603,0.2951545353528154,HUL,Haas F1 Team,6083876.0,114393.0,20.0,2.0,32609.0,51120.0,30664.0,6002121.0,6053241.0,6083905.0,308.0,185.0,211.0,310.0,8.0,1690724430702.0002
499,-1.2184822687441876,1.6864222257279002,HUL,Haas F1 Team,6316367.0,117800.0,22.0,2.0,32361.0,53668.0,31771.0,6230957.0,6284625.0,6316396.0,315.0,187.0,211.0,311.0,10.0,1690724659785.9998
500,-0.2236480966833375,1.0426181264696244,HUL,Haas F1 Team,6429659.0,113292.0,23.0,2.0,32346.0,50236.0,30710.0,6348742.0,6398978.0,6429688.0,338.0,185.0,210.0,312.0,11.0,1690724777585.9998
501,0.6688397188046126,-4.548437041227681,HUL,Haas F1 Team,6674662.0,127746.0,25.0,3.0,48023.0,49821.0,29902.0,6594968.0,6644789.0,6674691.0,321.0,190.0,219.0,306.0,1.0,1690725008135.0
502,1.5730553706934716,-1.4491716689663163,HUL,Haas F1 Team,6784569.0,109907.0,26.0,3.0,31307.0,48733.0,29867.0,6705998.0,6754731.0,6784598.0,330.0,193.0,215.0,317.0,2.0,1690725135881.0
503,1.6107052715524193,-1.218405940060422,HUL,Haas F1 Team,6895794.0,111225.0,27.0,3.0,31875.0,49217.0,30133.0,6816473.0,6865690.0,6895823.0,311.0,191.0,214.0,312.0,3.0,1690725245788.0
504,2.135683205832525,0.3793731500526376,HUL,Haas F1 Team,7456598.0,112332.0,32.0,3.0,32230.0,49771.0,30331.0,7376525.0,7426296.0,7456627.0,310.0,185.0,210.0,310.0,8.0,1690725805485.0
505,2.866761128322956,1.4266409397179858,HUL,Haas F1 Team,8022351.0,113019.0,37.0,3.0,32213.0,50362.0,30444.0,7941574.0,7991936.0,8022380.0,323.0,185.0,209.0,312.0,13.0,1690726370551.0
506,3.0533718864929797,2.172085829799183,HUL,Haas F1 Team,8249494.0,113522.0,39.0,3.0,32390.0,50550.0,30582.0,8168391.0,8218941.0,8249523.0,322.0,178.0,210.0,310.0,15.0,1690726597191.0
507,2.6229861264277172,3.595674099122685,HUL,Haas F1 Team,8364754.0,115260.0,40.0,3.0,32351.0,51603.0,31306.0,8281874.0,8333477.0,8364783.0,321.0,172.0,209.0,312.0,16.0,1690726710713.0
508,3.0002235178382466,3.6554643030571397,HUL,Haas F1 Team,8478599.0,113845.0,41.0,3.0,32075.0,50723.0,31047.0,8396858.0,8447581.0,8478628.0,326.0,177.0,204.0,315.0,17.0,1690726825973.0
509,3.2508335343976498,3.841453041895452,HUL,Haas F1 Team,8710900.0,115314.0,43.0,3.0,32342.0,51545.0,31427.0,8627957.0,8679502.0,8710929.0,322.0,177.0,207.0,313.0,19.0,1690727056805.0
510,2.7651458115022165,6.110008240517565,HUL,Haas F1 Team,8825745.0,114845.0,44.0,3.0,32768.0,50898.0,31179.0,8743697.0,8794595.0,8825774.0,307.0,178.0,180.0,311.0,20.0,1690727172119.0
511,-4.7098313113440975,0.7636157682307709,SAI,Ferrari,4344930.0,116974.0,5.0,1.0,32690.0,52750.0,31534.0,4260688.0,4313438.0,4344972.0,311.0,185.0,208.0,309.0,5.0,1690722689175.0
512,-4.789328182778781,1.3406039734059496,SAI,Ferrari,4462190.0,117260.0,6.0,1.0,32488.0,53343.0,31429.0,4377460.0,4430803.0,4462232.0,327.0,181.0,208.0,304.0,6.0,1690722806149.0
513,-3.1025892179379535,-4.089615245891682,SAI,Ferrari,4710266.0,126929.0,8.0,2.0,46545.0,50217.0,30167.0,4629924.0,4680141.0,4710308.0,315.0,193.0,211.0,307.0,1.0,1690723044556.0
514,-2.769991770286993,-0.2637460616319682,SAI,Ferrari,4937297.0,113893.0,10.0,2.0,31999.0,51417.0,30477.0,4855445.0,4906862.0,4937339.0,325.0,188.0,209.0,312.0,3.0,1690723284623.0
515,-2.844917236203495,0.15531958245553287,SAI,Ferrari,5052498.0,115201.0,11.0,2.0,32299.0,52154.0,30748.0,4969638.0,5021792.0,5052540.0,322.0,186.0,209.0,308.0,4.0,1690723398516.0
516,-2.4563203999734,0.8091200358895057,SAI,Ferrari,5282524.0,114907.0,13.0,2.0,32482.0,51647.0,30778.0,5200141.0,5251788.0,5282566.0,309.0,181.0,207.0,310.0,6.0,1690723628836.0
517,-2.361930326474589,1.4036807232692952,SAI,Ferrari,5513434.0,115834.0,15.0,2.0,32334.0,52276.0,31224.0,5429976.0,5482252.0,5513476.0,318.0,185.0,205.0,308.0,8.0,1690723858819.0
518,-2.6510011619402936,2.377161349866574,SAI,Ferrari,5630966.0,117532.0,16.0,2.0,32503.0,53784.0,31245.0,5545979.0,5599763.0,5631008.0,326.0,178.0,206.0,310.0,9.0,1690723974653.0
519,-1.939030838913168,1.7456470560125206,SAI,Ferrari,5747028.0,116062.0,17.0,2.0,32485.0,52505.0,31072.0,5663493.0,5715998.0,5747070.0,313.0,179.0,208.0,311.0,10.0,1690724092185.0
520,-1.7481171665649942,1.7974199117602772,SAI,Ferrari,5863249.0,116221.0,18.0,2.0,32601.0,52417.0,31203.0,5779671.0,5832088.0,5863291.0,312.0,181.0,207.0,309.0,11.0,1690724208247.0
521,-1.795496860257829,1.753998808839235,SAI,Ferrari,5980790.0,117541.0,19.0,2.0,33063.0,53041.0,31437.0,5896354.0,5949395.0,5980832.0,308.0,179.0,207.0,288.0,12.0,1690724324468.0
522,-1.6433423334317823,2.7100997557914708,SAI,Ferrari,6097216.0,116426.0,20.0,2.0,32648.0,52419.0,31359.0,6013480.0,6065899.0,6097258.0,312.0,174.0,205.0,300.0,13.0,1690724442009.0
