,index,Driver,LapTime,LapNumber,Stint,Sector1Time,Sector2Time,Sector3Time,SpeedI1,SpeedI2,SpeedFL,SpeedST,Compound,TyreLife,Team,Position,dim1,dim2,tsne_clusters_id
0,2,VER,101.51,3.0,1.0,29.192,43.226,29.092,290.0,272.0,244.0,281.0,HARD,3.0,Red Bull Racing,9.0,-18.476406,7.377874,2
1,3,VER,101.143,4.0,1.0,29.199,43.338,28.606,300.0,261.0,245.0,291.0,HARD,4.0,Red Bull Racing,9.0,-6.1772094,13.508047,2
2,6,VER,100.423,7.0,1.0,29.547,42.619,28.257,286.0,253.0,242.0,276.0,HARD,7.0,Red Bull Racing,8.0,-6.789013,-20.99621,0
3,7,VER,100.177,8.0,1.0,29.375,42.775,28.027,288.0,258.0,241.0,284.0,HARD,8.0,Red Bull Racing,8.0,-6.191514,-7.973028,0
4,8,VER,100.264,9.0,1.0,29.366,42.774,28.124,291.0,257.0,242.0,286.0,HARD,9.0,Red Bull Racing,8.0,-6.2857375,-7.70292,0
5,9,VER,100.408,10.0,1.0,29.385,42.904,28.119,290.0,259.0,246.0,284.0,HARD,10.0,Red Bull Racing,8.0,-1.9469126,-11.771386,0
6,10,VER,100.423,11.0,1.0,29.174,43.092,28.157,294.0,265.0,243.0,293.0,HARD,11.0,Red Bull Racing,8.0,-3.449025,10.758,2
7,11,VER,100.602,12.0,1.0,29.376,43.056,28.17,283.0,257.0,243.0,282.0,HARD,12.0,Red Bull Racing,8.0,-5.134919,-16.992449,0
8,12,VER,100.693,13.0,1.0,29.363,43.118,28.212,288.0,260.0,244.0,283.0,HARD,13.0,Red Bull Racing,8.0,-6.236599,-10.375803,0
9,13,VER,100.633,14.0,1.0,29.398,43.147,28.088,290.0,261.0,244.0,282.0,HARD,14.0,Red Bull Racing,8.0,-5.2075396,-9.983979,0
10,15,VER,100.39,16.0,1.0,29.385,43.003,28.002,290.0,259.0,243.0,281.0,HARD,16.0,Red Bull Racing,8.0,-4.241809,-9.830522,0
11,16,VER,100.481,17.0,1.0,29.424,42.957,28.1,291.0,262.0,241.0,283.0,HARD,17.0,Red Bull Racing,8.0,-9.791556,-4.8474307,0
12,17,VER,100.464,18.0,1.0,29.297,42.985,28.182,290.0,261.0,242.0,281.0,HARD,18.0,Red Bull Racing,8.0,-4.79255,-7.3011093,0
13,22,VER,103.346,23.0,1.0,29.525,44.42,29.401,289.0,260.0,241.0,284.0,HARD,23.0,Red Bull Racing,3.0,-27.994307,5.973997,2
14,24,VER,100.7,25.0,1.0,29.509,43.123,28.068,288.0,258.0,244.0,279.0,HARD,25.0,Red Bull Racing,4.0,-4.3714848,-14.359539,0
15,25,VER,100.244,26.0,1.0,29.323,42.895,28.026,289.0,260.0,245.0,283.0,HARD,26.0,Red Bull Racing,4.0,-2.0034347,-10.827176,0
16,28,VER,100.437,29.0,1.0,29.239,43.116,28.082,290.0,259.0,244.0,282.0,HARD,29.0,Red Bull Racing,6.0,-3.1091514,-9.4706955,0
17,30,VER,100.247,31.0,1.0,29.203,42.946,28.098,291.0,261.0,243.0,284.0,HARD,31.0,Red Bull Racing,6.0,-4.566512,-5.6885495,0
18,32,VER,100.087,33.0,1.0,29.136,42.96,27.991,288.0,261.0,243.0,283.0,HARD,33.0,Red Bull Racing,6.0,-2.0921602,-7.1248364,0
19,33,VER,100.378,34.0,1.0,29.177,43.109,28.092,289.0,261.0,244.0,282.0,HARD,34.0,Red Bull Racing,6.0,-2.3027947,-8.489609,0
20,36,VER,100.224,37.0,1.0,29.14,43.006,28.078,290.0,262.0,241.0,283.0,HARD,37.0,Red Bull Racing,6.0,-3.8146975,-6.2507963,0
21,37,VER,100.61,38.0,1.0,29.19,43.225,28.195,289.0,262.0,243.0,284.0,HARD,38.0,Red Bull Racing,6.0,-6.9066043,-4.02575,0
22,38,VER,101.173,39.0,1.0,29.285,43.547,28.341,290.0,262.0,243.0,283.0,HARD,39.0,Red Bull Racing,6.0,-16.85793,-2.745104,2
23,41,VER,97.713,42.0,2.0,28.603,41.522,27.588,288.0,263.0,250.0,284.0,MEDIUM,2.0,Red Bull Racing,15.0,27.308723,0.79127353,1
24,45,VER,97.57,46.0,2.0,28.654,41.533,27.383,292.0,262.0,249.0,283.0,MEDIUM,6.0,Red Bull Racing,11.0,27.980782,0.4168862,1
25,47,VER,98.333,48.0,2.0,28.439,42.401,27.493,309.0,276.0,250.0,283.0,MEDIUM,8.0,Red Bull Racing,9.0,15.483337,16.767708,1
26,48,VER,97.085,49.0,2.0,28.514,41.362,27.209,290.0,261.0,251.0,281.0,MEDIUM,9.0,Red Bull Racing,9.0,30.809774,0.088613905,1
27,49,VER,99.006,50.0,2.0,28.78,42.024,28.202,293.0,278.0,251.0,285.0,MEDIUM,10.0,Red Bull Racing,8.0,15.205106,10.551144,1
28,50,VER,97.144,51.0,2.0,28.628,41.326,27.19,286.0,261.0,249.0,280.0,MEDIUM,11.0,Red Bull Racing,8.0,30.09742,-0.4606759,1
29,51,VER,96.835,52.0,2.0,28.472,41.24,27.123,289.0,263.0,252.0,286.0,MEDIUM,12.0,Red Bull Racing,8.0,30.943428,1.3023866,1
30,53,VER,98.196,54.0,2.0,28.438,42.164,27.594,312.0,280.0,252.0,285.0,MEDIUM,14.0,Red Bull Racing,7.0,15.50062,17.02242,1
31,54,VER,96.899,55.0,2.0,28.515,41.295,27.089,289.0,262.0,251.0,284.0,MEDIUM,15.0,Red Bull Racing,7.0,30.928026,0.74527305,1
32,55,VER,97.519,56.0,2.0,28.578,41.452,27.489,291.0,273.0,252.0,286.0,MEDIUM,16.0,Red Bull Racing,7.0,28.609436,4.649746,1
33,56,VER,99.299,57.0,2.0,28.694,42.968,27.637,316.0,276.0,249.0,299.0,MEDIUM,17.0,Red Bull Racing,6.0,9.859343,20.949093,1
34,61,VER,98.197,62.0,2.0,28.493,41.975,27.729,293.0,267.0,252.0,287.0,MEDIUM,22.0,Red Bull Racing,5.0,26.884117,6.098187,1
35,64,GAS,101.442,3.0,1.0,29.493,43.116,28.833,300.0,267.0,242.0,275.0,MEDIUM,3.0,Alpine,11.0,-18.670177,-6.133763,0
36,65,GAS,101.334,4.0,1.0,29.317,43.488,28.529,288.0,265.0,245.0,289.0,MEDIUM,4.0,Alpine,11.0,-18.47027,2.7553246,2
37,66,GAS,101.292,5.0,1.0,29.195,43.501,28.596,293.0,265.0,244.0,288.0,MEDIUM,5.0,Alpine,11.0,-17.816658,2.876064,2
38,67,GAS,101.829,6.0,1.0,29.128,44.03,28.671,289.0,267.0,245.0,290.0,MEDIUM,6.0,Alpine,11.0,-21.16412,8.34118,2
39,68,GAS,101.399,7.0,1.0,29.472,43.406,28.521,299.0,264.0,242.0,293.0,MEDIUM,7.0,Alpine,11.0,-6.512453,12.337223,2
40,69,GAS,100.677,8.0,1.0,29.236,43.149,28.292,296.0,265.0,245.0,289.0,MEDIUM,8.0,Alpine,11.0,-2.9294329,6.678461,2
41,70,GAS,101.063,9.0,1.0,29.148,43.382,28.533,298.0,266.0,235.0,290.0,MEDIUM,9.0,Alpine,11.0,-11.676932,4.600802,2
42,71,GAS,100.378,10.0,1.0,29.07,43.027,28.281,303.0,268.0,246.0,287.0,MEDIUM,10.0,Alpine,11.0,-1.2086209,13.73694,2
43,72,GAS,100.728,11.0,1.0,29.165,43.348,28.215,304.0,266.0,244.0,293.0,MEDIUM,11.0,Alpine,11.0,-3.088161,16.24845,2
44,73,GAS,100.439,12.0,1.0,29.013,43.135,28.291,302.0,267.0,244.0,291.0,MEDIUM,12.0,Alpine,11.0,-1.8780107,15.654012,2
45,75,GAS,100.627,14.0,1.0,28.995,43.371,28.261,307.0,268.0,243.0,292.0,MEDIUM,14.0,Alpine,11.0,-2.4602048,16.865332,2
46,76,GAS,100.602,15.0,1.0,29.043,43.354,28.205,305.0,267.0,245.0,291.0,MEDIUM,15.0,Alpine,11.0,-1.6601583,16.295557,2
47,77,GAS,100.929,16.0,1.0,29.386,43.401,28.142,303.0,266.0,245.0,293.0,MEDIUM,16.0,Alpine,11.0,-4.4192924,16.512161,2
48,78,GAS,100.673,17.0,1.0,29.197,43.202,28.274,302.0,267.0,243.0,292.0,MEDIUM,17.0,Alpine,11.0,-3.1635916,15.527639,2
49,84,GAS,103.344,23.0,2.0,29.32,44.439,29.585,297.0,266.0,242.0,285.0,HARD,3.0,Alpine,11.0,-28.555008,7.359778,2
50,85,GAS,102.407,24.0,2.0,29.448,44.111,28.848,291.0,259.0,246.0,282.0,HARD,4.0,Alpine,11.0,-23.242374,-2.4688315,2
51,86,GAS,101.048,25.0,2.0,29.149,43.468,28.431,303.0,268.0,245.0,284.0,HARD,5.0,Alpine,11.0,-12.020615,12.134122,2
52,87,GAS,100.92,26.0,2.0,28.963,43.437,28.52,308.0,271.0,247.0,292.0,HARD,6.0,Alpine,11.0,-1.6045885,21.476736,2
53,88,GAS,100.396,27.0,2.0,29.014,43.193,28.189,315.0,269.0,246.0,295.0,HARD,7.0,Alpine,11.0,0.064088546,21.544355,2
54,90,GAS,101.706,29.0,2.0,29.071,44.09,28.545,309.0,267.0,245.0,296.0,HARD,9.0,Alpine,11.0,-4.740127,22.829372,2
55,91,GAS,100.28,30.0,2.0,29.215,43.026,28.039,305.0,269.0,246.0,293.0,HARD,10.0,Alpine,11.0,0.7983395,18.09608,2
56,92,GAS,99.974,31.0,2.0,29.103,42.73,28.141,306.0,269.0,244.0,294.0,HARD,11.0,Alpine,11.0,0.03163653,17.300568,2
57,95,GAS,101.321,34.0,2.0,28.907,44.135,28.279,315.0,269.0,246.0,292.0,HARD,14.0,Alpine,11.0,-3.6267805,23.97434,2
58,97,GAS,99.965,36.0,2.0,29.393,42.745,27.827,311.0,260.0,246.0,290.0,HARD,16.0,Alpine,10.0,1.8904389,9.340131,2
59,98,GAS,100.508,37.0,2.0,29.177,43.022,28.309,287.0,261.0,247.0,279.0,HARD,17.0,Alpine,10.0,-1.0291528,-13.565306,0
60,99,GAS,101.261,38.0,2.0,29.077,43.842,28.342,308.0,270.0,245.0,293.0,HARD,18.0,Alpine,10.0,-3.4188106,22.690222,2
61,101,GAS,99.885,40.0,2.0,29.24,42.734,27.911,289.0,261.0,246.0,282.0,HARD,20.0,Alpine,9.0,10.019084,-5.7140417,1
62,102,GAS,99.934,41.0,2.0,29.271,42.653,28.01,288.0,261.0,247.0,283.0,HARD,21.0,Alpine,8.0,10.554452,-5.6199174,1
63,103,GAS,99.835,42.0,2.0,28.913,43.099,27.823,302.0,269.0,248.0,292.0,HARD,22.0,Alpine,8.0,7.3999505,15.998397,1
64,107,GAS,98.277,46.0,2.0,28.779,41.942,27.556,286.0,261.0,247.0,280.0,HARD,26.0,Alpine,6.0,23.85137,-2.9869845,1
65,118,GAS,100.874,57.0,2.0,28.922,43.092,28.86,288.0,261.0,247.0,283.0,HARD,37.0,Alpine,7.0,5.196303,-0.97191083,1
66,121,GAS,99.62,60.0,2.0,28.949,42.935,27.736,290.0,263.0,248.0,284.0,HARD,40.0,Alpine,7.0,14.812086,-1.6900401,1
67,122,GAS,99.711,61.0,2.0,28.898,42.982,27.831,289.0,263.0,249.0,285.0,HARD,41.0,Alpine,7.0,15.246771,-1.0989691,1
68,126,PER,101.622,3.0,1.0,29.517,43.509,28.596,312.0,269.0,242.0,283.0,HARD,3.0,Red Bull Racing,13.0,-14.911765,9.84843,2
69,127,PER,101.354,4.0,1.0,29.23,43.438,28.686,310.0,268.0,242.0,297.0,HARD,4.0,Red Bull Racing,13.0,-5.950505,23.11895,2
70,128,PER,101.331,5.0,1.0,29.183,43.475,28.673,301.0,264.0,245.0,295.0,HARD,5.0,Red Bull Racing,13.0,-6.3899264,14.564999,2
71,129,PER,103.147,6.0,1.0,29.253,44.035,29.859,309.0,269.0,234.0,296.0,HARD,6.0,Red Bull Racing,13.0,-30.217505,9.794303,2
72,130,PER,101.353,7.0,1.0,29.907,43.064,28.382,291.0,251.0,242.0,280.0,HARD,7.0,Red Bull Racing,13.0,-15.164787,-20.823755,0
73,131,PER,100.556,8.0,1.0,29.459,42.772,28.325,283.0,257.0,242.0,281.0,HARD,8.0,Red Bull Racing,13.0,-5.938791,-18.639385,0
74,132,PER,100.694,9.0,1.0,29.46,43.002,28.232,288.0,260.0,244.0,284.0,HARD,9.0,Red Bull Racing,13.0,-7.1848054,-10.296251,0
75,133,PER,100.643,10.0,1.0,29.403,43.042,28.198,284.0,260.0,243.0,285.0,HARD,10.0,Red Bull Racing,13.0,-7.5919247,-11.292973,0
76,134,PER,100.693,11.0,1.0,29.483,42.779,28.431,291.0,260.0,240.0,281.0,HARD,11.0,Red Bull Racing,13.0,-13.090556,-13.640899,0
77,135,PER,100.715,12.0,1.0,29.118,43.179,28.418,305.0,259.0,237.0,294.0,HARD,12.0,Red Bull Racing,13.0,-11.373485,4.851222,2
78,136,PER,100.843,13.0,1.0,29.487,43.075,28.281,292.0,262.0,241.0,284.0,HARD,13.0,Red Bull Racing,13.0,-10.5634365,-4.124443,0
79,137,PER,100.314,14.0,1.0,29.313,42.716,28.285,289.0,260.0,243.0,285.0,HARD,14.0,Red Bull Racing,13.0,-6.3160295,-6.5830517,0
80,139,PER,100.688,16.0,1.0,29.052,43.154,28.482,304.0,271.0,242.0,297.0,HARD,16.0,Red Bull Racing,13.0,-2.9597175,19.22892,2
81,146,PER,104.195,23.0,1.0,29.677,44.387,30.131,292.0,265.0,241.0,286.0,HARD,23.0,Red Bull Racing,5.0,-29.489046,6.899618,2
82,147,PER,102.735,24.0,1.0,29.895,44.454,28.386,287.0,261.0,243.0,282.0,HARD,24.0,Red Bull Racing,6.0,-25.719973,-0.8615837,2
83,148,PER,101.532,25.0,1.0,29.429,43.76,28.343,293.0,261.0,243.0,285.0,HARD,25.0,Red Bull Racing,7.0,-19.303843,-1.8699645,2
84,151,PER,101.833,28.0,1.0,29.323,44.298,28.212,295.0,264.0,245.0,283.0,HARD,28.0,Red Bull Racing,7.0,-20.977694,-0.08021546,2
85,156,PER,100.355,33.0,1.0,29.293,42.934,28.128,292.0,262.0,243.0,284.0,HARD,33.0,Red Bull Racing,7.0,-5.666985,-4.598255,0
86,159,PER,101.489,36.0,1.0,29.231,43.882,28.376,292.0,264.0,242.0,285.0,HARD,36.0,Red Bull Racing,7.0,-17.857258,-0.82745284,2
87,160,PER,103.171,37.0,1.0,29.416,45.225,28.53,291.0,264.0,240.0,284.0,HARD,37.0,Red Bull Racing,7.0,-26.683876,3.5361702,2
88,164,PER,98.551,41.0,2.0,29.039,41.884,27.628,289.0,263.0,245.0,285.0,MEDIUM,2.0,Red Bull Racing,17.0,13.49039,-9.782608,1
89,174,PER,98.116,51.0,2.0,28.87,41.703,27.543,293.0,261.0,249.0,288.0,MEDIUM,12.0,Red Bull Racing,13.0,25.264482,1.068631,1
90,177,PER,98.386,54.0,2.0,28.483,42.129,27.774,312.0,272.0,250.0,300.0,MEDIUM,15.0,Red Bull Racing,11.0,12.427545,20.717276,1
91,180,PER,101.365,57.0,2.0,28.532,43.905,28.928,314.0,282.0,248.0,303.0,MEDIUM,18.0,Red Bull Racing,11.0,1.198862,27.329998,2
92,182,PER,102.042,59.0,2.0,28.832,44.679,28.531,314.0,274.0,251.0,301.0,MEDIUM,20.0,Red Bull Racing,10.0,2.3391097,27.785017,2
93,184,PER,97.108,61.0,2.0,28.694,41.344,27.07,292.0,266.0,250.0,286.0,MEDIUM,22.0,Red Bull Racing,9.0,29.887241,1.9065541,1
94,188,ALO,101.349,3.0,1.0,29.239,43.697,28.413,284.0,264.0,244.0,286.0,MEDIUM,3.0,Aston Martin,6.0,-19.092484,1.5997041,2
95,189,ALO,101.356,4.0,1.0,29.331,43.404,28.621,287.0,263.0,242.0,283.0,MEDIUM,4.0,Aston Martin,6.0,-17.918024,-2.7645895,2
96,190,ALO,101.194,5.0,1.0,29.345,43.476,28.373,293.0,265.0,245.0,294.0,MEDIUM,5.0,Aston Martin,6.0,-5.557357,11.455437,2
97,191,ALO,100.686,6.0,1.0,29.186,43.194,28.306,286.0,263.0,243.0,297.0,MEDIUM,6.0,Aston Martin,6.0,-2.6768708,9.988657,2
98,192,ALO,100.774,7.0,1.0,29.341,43.249,28.184,291.0,263.0,243.0,282.0,MEDIUM,7.0,Aston Martin,6.0,-8.600799,-3.285264,0
99,193,ALO,100.21,8.0,1.0,29.229,42.747,28.234,290.0,261.0,242.0,285.0,MEDIUM,8.0,Aston Martin,6.0,-5.5007443,-5.9636703,0
100,194,ALO,100.422,9.0,1.0,29.262,42.795,28.365,292.0,265.0,244.0,286.0,MEDIUM,9.0,Aston Martin,6.0,-3.517737,1.238769,2
101,196,ALO,100.147,11.0,1.0,29.359,42.729,28.059,288.0,264.0,243.0,283.0,MEDIUM,11.0,Aston Martin,6.0,-2.0622048,-3.5452769,0
102,198,ALO,100.554,13.0,1.0,29.407,42.932,28.215,285.0,263.0,242.0,287.0,MEDIUM,13.0,Aston Martin,6.0,-8.790134,-8.111739,0
103,199,ALO,100.18,14.0,1.0,29.252,42.845,28.083,291.0,265.0,243.0,286.0,MEDIUM,14.0,Aston Martin,6.0,-2.8945532,-0.51045996,0
104,200,ALO,100.095,15.0,1.0,29.271,42.848,27.976,295.0,265.0,243.0,284.0,MEDIUM,15.0,Aston Martin,6.0,-4.152334,-1.0648962,0
105,201,ALO,100.238,16.0,1.0,29.292,42.883,28.063,293.0,264.0,243.0,287.0,MEDIUM,16.0,Aston Martin,6.0,-4.051927,-0.3154469,2
106,202,ALO,100.499,17.0,1.0,29.315,43.044,28.14,294.0,264.0,243.0,284.0,MEDIUM,17.0,Aston Martin,6.0,-7.2757816,-1.6353127,0
107,203,ALO,100.316,18.0,1.0,29.325,42.969,28.022,295.0,264.0,243.0,286.0,MEDIUM,18.0,Aston Martin,6.0,-4.9473023,-0.56195885,2
108,208,ALO,103.291,23.0,2.0,29.517,44.575,29.199,290.0,264.0,243.0,288.0,HARD,3.0,Aston Martin,8.0,-27.274252,5.770165,2
109,209,ALO,103.137,24.0,2.0,30.13,44.293,28.714,293.0,265.0,244.0,277.0,HARD,4.0,Aston Martin,8.0,-26.709003,-0.8369412,2
110,210,ALO,100.689,25.0,2.0,29.001,43.344,28.344,311.0,269.0,247.0,288.0,HARD,5.0,Aston Martin,8.0,-1.8644366,20.80499,2
111,212,ALO,100.185,27.0,2.0,29.144,43.054,27.987,301.0,274.0,249.0,298.0,HARD,7.0,Aston Martin,8.0,5.327007,19.485065,2
112,213,ALO,101.931,28.0,2.0,29.037,44.36,28.534,316.0,276.0,247.0,293.0,HARD,8.0,Aston Martin,8.0,-2.650275,26.000113,2
113,214,ALO,101.292,29.0,2.0,29.218,43.966,28.108,311.0,263.0,245.0,296.0,HARD,9.0,Aston Martin,8.0,-5.2796464,20.946177,2
114,215,ALO,100.128,30.0,2.0,29.288,42.849,27.991,287.0,266.0,246.0,288.0,HARD,10.0,Aston Martin,8.0,5.587784,-4.095385,0
115,216,ALO,100.049,31.0,2.0,29.155,42.805,28.089,290.0,267.0,243.0,286.0,HARD,11.0,Aston Martin,8.0,-1.3521065,0.10210562,0
116,217,ALO,100.39,32.0,2.0,29.398,43.028,27.964,284.0,266.0,247.0,288.0,HARD,12.0,Aston Martin,8.0,6.117234,-4.16028,0
117,218,ALO,99.636,33.0,2.0,29.128,42.576,27.932,296.0,275.0,248.0,286.0,HARD,13.0,Aston Martin,8.0,14.080024,6.6381173,1
118,219,ALO,100.578,34.0,2.0,29.005,43.261,28.312,301.0,276.0,246.0,300.0,HARD,14.0,Aston Martin,8.0,2.763605,21.705742,2
119,220,ALO,100.626,35.0,2.0,29.119,43.293,28.214,310.0,274.0,247.0,299.0,HARD,15.0,Aston Martin,8.0,3.1669493,22.556591,2
120,222,ALO,104.094,37.0,2.0,29.101,46.165,28.828,315.0,271.0,246.0,300.0,HARD,17.0,Aston Martin,9.0,-4.8027296,27.322407,2
121,223,ALO,101.208,38.0,2.0,29.19,43.57,28.448,308.0,267.0,246.0,298.0,HARD,18.0,Aston Martin,9.0,-3.849423,21.683546,2
122,225,ALO,100.154,40.0,2.0,29.284,42.918,27.952,293.0,267.0,245.0,289.0,HARD,20.0,Aston Martin,8.0,-0.018237224,2.378172,2
123,226,ALO,100.18,41.0,2.0,29.031,42.969,28.18,296.0,264.0,245.0,288.0,HARD,21.0,Aston Martin,7.0,-0.8339479,5.1735435,2
124,232,ALO,96.456,47.0,3.0,28.406,41.067,26.983,294.0,266.0,249.0,287.0,SOFT,5.0,Aston Martin,17.0,32.632233,2.3925593,1
125,233,ALO,99.79,48.0,3.0,29.735,42.141,27.914,282.0,262.0,245.0,269.0,SOFT,6.0,Aston Martin,17.0,6.327028,-21.56754,0
126,234,ALO,98.787,49.0,3.0,28.927,42.297,27.563,283.0,266.0,249.0,287.0,SOFT,7.0,Aston Martin,17.0,22.144447,0.3639988,1
127,235,ALO,98.088,50.0,3.0,28.718,41.874,27.496,285.0,264.0,248.0,288.0,SOFT,8.0,Aston Martin,17.0,24.033297,0.45734245,1
128,238,ALO,98.559,53.0,3.0,28.742,42.195,27.622,291.0,267.0,250.0,289.0,SOFT,11.0,Aston Martin,16.0,23.899868,5.468965,1
129,239,ALO,98.179,54.0,3.0,28.741,41.928,27.51,281.0,262.0,248.0,286.0,SOFT,12.0,Aston Martin,16.0,23.87442,-0.54319984,1
130,240,ALO,98.012,55.0,3.0,28.772,41.762,27.478,288.0,261.0,250.0,285.0,SOFT,13.0,Aston Martin,16.0,26.137041,0.36250946,1
131,241,ALO,98.436,56.0,3.0,28.819,42.129,27.488,283.0,262.0,249.0,287.0,SOFT,14.0,Aston Martin,16.0,23.327719,-0.016058626,1
132,242,ALO,98.303,57.0,3.0,28.695,42.204,27.404,293.0,266.0,248.0,289.0,SOFT,15.0,Aston Martin,16.0,23.115246,4.7001066,1
133,246,ALO,101.542,61.0,3.0,28.815,43.287,29.44,312.0,278.0,243.0,302.0,SOFT,19.0,Aston Martin,16.0,-0.7700392,27.404915,2
134,250,LEC,100.752,3.0,1.0,29.579,42.975,28.198,287.0,260.0,242.0,282.0,SOFT,6.0,Ferrari,2.0,-10.337482,-12.988269,0
135,251,LEC,100.661,4.0,1.0,29.427,43.118,28.116,286.0,259.0,244.0,280.0,SOFT,7.0,Ferrari,2.0,-4.5167556,-13.921987,0
136,252,LEC,100.328,5.0,1.0,29.405,42.79,28.133,284.0,260.0,246.0,282.0,SOFT,8.0,Ferrari,2.0,-0.37243247,-12.393021,0
137,253,LEC,100.165,6.0,1.0,29.169,42.939,28.057,288.0,267.0,244.0,286.0,SOFT,9.0,Ferrari,2.0,-0.7596522,0.6153584,0
138,254,LEC,100.279,7.0,1.0,29.182,42.856,28.241,293.0,266.0,244.0,279.0,SOFT,10.0,Ferrari,2.0,-2.6000988,-2.0855436,0
139,255,LEC,100.396,8.0,1.0,29.261,43.053,28.082,287.0,256.0,245.0,276.0,SOFT,11.0,Ferrari,2.0,-0.086945064,-19.991646,0
140,256,LEC,99.646,9.0,1.0,29.019,42.647,27.98,297.0,265.0,246.0,288.0,SOFT,12.0,Ferrari,2.0,3.185884,3.7793217,1
141,258,LEC,100.403,11.0,1.0,29.416,42.914,28.073,281.0,256.0,246.0,277.0,SOFT,14.0,Ferrari,2.0,0.89722914,-20.919058,0
142,259,LEC,100.392,12.0,1.0,29.412,42.933,28.047,286.0,257.0,246.0,279.0,SOFT,15.0,Ferrari,2.0,0.6638782,-19.26136,0
143,262,LEC,99.613,15.0,1.0,29.184,42.57,27.859,287.0,258.0,245.0,280.0,SOFT,18.0,Ferrari,2.0,8.73661,-17.545395,0
144,263,LEC,99.625,16.0,1.0,29.323,42.387,27.915,285.0,256.0,245.0,278.0,SOFT,19.0,Ferrari,2.0,7.6895566,-18.97306,0
145,264,LEC,99.8,17.0,1.0,29.24,42.617,27.943,287.0,258.0,246.0,279.0,SOFT,20.0,Ferrari,2.0,8.333186,-18.121515,0
146,270,LEC,103.955,23.0,2.0,29.559,44.934,29.462,295.0,264.0,243.0,286.0,HARD,3.0,Ferrari,7.0,-28.59154,6.0379863,2
147,271,LEC,102.668,24.0,2.0,29.994,44.294,28.38,293.0,258.0,247.0,283.0,HARD,4.0,Ferrari,7.0,-25.57384,-1.6751993,2
148,272,LEC,99.748,25.0,2.0,28.864,42.77,28.114,314.0,254.0,245.0,280.0,HARD,5.0,Ferrari,6.0,3.3490505,7.864187,2
149,273,LEC,99.892,26.0,2.0,29.148,42.809,27.935,293.0,262.0,247.0,283.0,HARD,6.0,Ferrari,6.0,11.290098,-4.148605,1
150,275,LEC,99.562,28.0,2.0,28.824,42.838,27.9,307.0,259.0,245.0,287.0,HARD,8.0,Ferrari,5.0,3.3974183,8.503609,2
151,276,LEC,99.683,29.0,2.0,29.066,42.62,27.997,289.0,256.0,245.0,279.0,HARD,9.0,Ferrari,5.0,9.566584,-17.470945,0
152,278,LEC,99.433,31.0,2.0,28.989,42.602,27.842,291.0,260.0,247.0,281.0,HARD,11.0,Ferrari,5.0,13.13301,-3.9278877,1
153,281,LEC,99.518,34.0,2.0,28.996,42.726,27.796,290.0,260.0,246.0,282.0,HARD,14.0,Ferrari,5.0,12.597313,-4.2720747,1
154,283,LEC,99.443,36.0,2.0,29.002,42.521,27.92,288.0,263.0,247.0,284.0,HARD,16.0,Ferrari,5.0,12.806105,-2.7110116,1
155,284,LEC,99.639,37.0,2.0,28.973,42.785,27.881,289.0,262.0,248.0,281.0,HARD,17.0,Ferrari,5.0,14.083021,-3.309604,1
156,285,LEC,99.946,38.0,2.0,28.986,42.897,28.063,295.0,264.0,245.0,284.0,HARD,18.0,Ferrari,5.0,1.7321455,3.4559774,2
157,287,LEC,99.557,40.0,2.0,28.918,42.57,28.069,291.0,261.0,247.0,282.0,HARD,20.0,Ferrari,5.0,13.075339,-3.2771487,1
158,288,LEC,99.368,41.0,2.0,28.846,42.605,27.917,294.0,264.0,248.0,285.0,HARD,21.0,Ferrari,5.0,15.779312,0.3915589,1
159,293,LEC,98.275,46.0,2.0,28.631,42.111,27.533,294.0,265.0,248.0,286.0,HARD,26.0,Ferrari,3.0,23.05054,3.6109774,1
160,295,LEC,98.496,48.0,2.0,28.721,42.114,27.661,291.0,263.0,247.0,284.0,HARD,28.0,Ferrari,3.0,-10.800474,-9.413102,0
161,296,LEC,98.453,49.0,2.0,28.699,42.139,27.615,293.0,265.0,247.0,286.0,HARD,29.0,Ferrari,3.0,21.501308,3.6370115,1
162,297,LEC,98.439,50.0,2.0,28.564,42.192,27.683,295.0,266.0,247.0,287.0,HARD,30.0,Ferrari,3.0,20.996527,4.3793974,1
163,299,LEC,98.848,52.0,2.0,28.68,42.417,27.751,296.0,266.0,247.0,288.0,HARD,32.0,Ferrari,3.0,19.778723,4.912889,1
164,301,LEC,101.831,54.0,2.0,29.18,44.211,28.44,298.0,266.0,242.0,299.0,HARD,34.0,Ferrari,5.0,-8.166394,22.279388,2
165,302,LEC,100.617,55.0,2.0,29.288,43.125,28.204,291.0,264.0,243.0,285.0,HARD,35.0,Ferrari,5.0,-8.054699,-2.2665112,0
166,303,LEC,100.298,56.0,2.0,29.131,43.093,28.074,289.0,262.0,244.0,282.0,HARD,36.0,Ferrari,5.0,-1.8628528,-7.9798975,0
167,304,LEC,100.043,57.0,2.0,29.15,42.839,28.054,287.0,260.0,244.0,280.0,HARD,37.0,Ferrari,5.0,-0.46794495,-9.413077,0
168,312,SAR,101.7,3.0,1.0,29.47,43.468,28.762,296.0,270.0,242.0,286.0,MEDIUM,3.0,Williams,16.0,-16.3043,5.599305,2
169,313,SAR,101.875,4.0,1.0,29.624,43.769,28.482,293.0,260.0,242.0,291.0,MEDIUM,4.0,Williams,16.0,-23.284058,1.9795588,2
170,314,SAR,101.264,5.0,1.0,29.443,43.37,28.451,297.0,264.0,240.0,287.0,MEDIUM,5.0,Williams,16.0,-14.253913,1.3938059,2
171,315,SAR,101.636,6.0,1.0,29.488,43.426,28.722,291.0,265.0,242.0,278.0,MEDIUM,6.0,Williams,16.0,-19.312542,-5.8733363,0
172,316,SAR,102.886,7.0,1.0,29.807,44.361,28.718,303.0,270.0,242.0,288.0,MEDIUM,7.0,Williams,16.0,-24.282612,8.677674,2
173,317,SAR,101.683,8.0,1.0,29.431,43.861,28.391,299.0,271.0,240.0,296.0,MEDIUM,8.0,Williams,16.0,-9.972755,23.091202,2
174,318,SAR,101.228,9.0,1.0,29.596,43.279,28.353,296.0,266.0,243.0,286.0,MEDIUM,9.0,Williams,16.0,-13.75475,-0.5659316,2
175,324,SAR,100.838,15.0,1.0,29.48,43.162,28.196,297.0,266.0,241.0,286.0,MEDIUM,15.0,Williams,16.0,-11.971162,0.46224695,2
176,326,SAR,101.113,17.0,1.0,29.476,43.385,28.252,293.0,265.0,239.0,285.0,MEDIUM,17.0,Williams,16.0,-13.443076,1.7241689,2
177,327,SAR,101.57,18.0,1.0,29.699,43.369,28.502,294.0,265.0,240.0,284.0,MEDIUM,18.0,Williams,16.0,-14.732613,2.5720544,2
178,334,SAR,100.3,25.0,2.0,29.31,42.711,28.279,289.0,265.0,242.0,285.0,HARD,6.0,Williams,18.0,-4.2244964,-3.1080601,0
179,335,SAR,100.338,26.0,2.0,29.434,42.662,28.242,290.0,265.0,243.0,284.0,HARD,7.0,Williams,18.0,-3.6771774,-3.2403486,0
180,336,SAR,99.889,27.0,2.0,29.313,42.506,28.07,289.0,265.0,244.0,283.0,HARD,8.0,Williams,18.0,-0.44367498,-2.450831,0
181,339,SAR,99.904,30.0,2.0,29.25,42.684,27.97,291.0,264.0,244.0,285.0,HARD,11.0,Williams,18.0,-0.2310466,-1.13267,0
182,342,SAR,99.763,33.0,2.0,29.11,42.563,28.09,290.0,265.0,244.0,286.0,HARD,14.0,Williams,18.0,0.88356256,-0.15185557,0
183,343,SAR,99.799,34.0,2.0,29.065,42.646,28.088,289.0,266.0,245.0,284.0,HARD,15.0,Williams,18.0,1.9571863,0.102390945,0
184,344,SAR,99.764,35.0,2.0,29.1,42.677,27.987,290.0,265.0,245.0,286.0,HARD,16.0,Williams,18.0,1.6719607,0.68602717,0
185,354,SAR,98.531,45.0,3.0,28.806,41.953,27.772,298.0,269.0,246.0,288.0,MEDIUM,2.0,Williams,17.0,20.487577,6.311971,1
186,356,SAR,98.589,47.0,3.0,28.803,42.061,27.725,297.0,267.0,248.0,290.0,MEDIUM,4.0,Williams,16.0,21.432493,6.2772684,1
187,357,SAR,98.711,48.0,3.0,28.651,42.259,27.801,296.0,268.0,247.0,289.0,MEDIUM,5.0,Williams,16.0,19.90935,5.6533995,1
188,368,SAR,99.374,59.0,3.0,28.97,42.582,27.822,297.0,268.0,248.0,289.0,MEDIUM,16.0,Williams,15.0,16.880686,6.3797326,1
189,370,SAR,101.938,61.0,3.0,29.041,43.086,29.811,300.0,273.0,245.0,291.0,MEDIUM,18.0,Williams,15.0,-27.251076,10.682683,2
190,374,MAG,101.539,3.0,1.0,29.207,43.584,28.748,302.0,273.0,242.0,283.0,MEDIUM,3.0,Haas F1 Team,8.0,-16.511833,7.2627707,2
191,375,MAG,101.004,4.0,1.0,29.34,43.206,28.458,296.0,273.0,245.0,285.0,MEDIUM,4.0,Haas F1 Team,8.0,-14.042458,14.907319,2
192,376,MAG,101.469,5.0,1.0,29.26,43.569,28.64,301.0,275.0,239.0,297.0,MEDIUM,5.0,Haas F1 Team,8.0,-10.169082,23.448555,2
193,377,MAG,102.626,6.0,1.0,29.531,43.645,29.45,297.0,264.0,245.0,295.0,MEDIUM,6.0,Haas F1 Team,9.0,-26.538818,7.9344106,2
194,378,MAG,100.834,7.0,1.0,29.249,43.169,28.416,302.0,262.0,243.0,294.0,MEDIUM,7.0,Haas F1 Team,9.0,-4.873907,13.160524,2
195,379,MAG,100.63,8.0,1.0,29.431,42.799,28.4,290.0,262.0,243.0,284.0,MEDIUM,8.0,Haas F1 Team,9.0,-8.209991,-6.7745795,0
196,380,MAG,100.995,9.0,1.0,29.576,43.013,28.406,291.0,260.0,242.0,283.0,MEDIUM,9.0,Haas F1 Team,9.0,-11.242701,-11.774638,0
197,381,MAG,100.504,10.0,1.0,29.373,42.77,28.361,289.0,259.0,245.0,282.0,MEDIUM,10.0,Haas F1 Team,9.0,-4.513207,-12.001061,0
198,382,MAG,100.415,11.0,1.0,29.47,42.694,28.251,292.0,261.0,244.0,284.0,MEDIUM,11.0,Haas F1 Team,9.0,-7.634404,-6.1645546,0
199,383,MAG,100.705,12.0,1.0,29.42,42.962,28.323,289.0,260.0,243.0,283.0,MEDIUM,12.0,Haas F1 Team,9.0,-7.4836917,-9.520856,0
200,385,MAG,100.515,14.0,1.0,29.411,42.843,28.261,291.0,263.0,244.0,284.0,MEDIUM,14.0,Haas F1 Team,9.0,-7.578155,-5.1628985,0
201,394,MAG,103.438,23.0,2.0,29.478,44.367,29.593,301.0,273.0,244.0,288.0,HARD,3.0,Haas F1 Team,10.0,-27.541557,8.900079,2
202,395,MAG,102.343,24.0,2.0,29.425,44.113,28.805,294.0,266.0,245.0,286.0,HARD,4.0,Haas F1 Team,10.0,-24.033295,5.921591,2
203,396,MAG,101.109,25.0,2.0,29.159,43.294,28.656,311.0,267.0,245.0,284.0,HARD,5.0,Haas F1 Team,10.0,-11.280872,13.053615,2
204,403,MAG,100.464,32.0,2.0,29.003,43.21,28.251,307.0,272.0,245.0,298.0,HARD,12.0,Haas F1 Team,10.0,1.3540171,21.403858,2
205,404,MAG,100.096,33.0,2.0,29.125,42.876,28.095,297.0,266.0,245.0,286.0,HARD,13.0,Haas F1 Team,10.0,0.4175168,3.824261,2
206,405,MAG,101.291,34.0,2.0,29.244,43.783,28.264,294.0,264.0,246.0,283.0,HARD,14.0,Haas F1 Team,10.0,-20.815887,0.62389404,2
207,407,MAG,108.13,36.0,2.0,29.792,48.45,29.888,296.0,264.0,244.0,283.0,HARD,16.0,Haas F1 Team,16.0,-29.636679,4.574111,2
208,408,MAG,102.352,37.0,2.0,29.737,44.053,28.562,290.0,260.0,243.0,294.0,HARD,17.0,Haas F1 Team,16.0,-23.541035,2.0768464,2
209,410,MAG,101.934,39.0,2.0,29.697,43.661,28.576,292.0,262.0,242.0,284.0,HARD,19.0,Haas F1 Team,16.0,-22.668135,-0.44479877,2
210,411,MAG,101.757,40.0,2.0,29.581,43.648,28.528,289.0,263.0,245.0,285.0,HARD,20.0,Haas F1 Team,15.0,-21.798548,-2.0602176,2
211,412,MAG,101.307,41.0,2.0,29.399,43.409,28.499,292.0,264.0,242.0,286.0,HARD,21.0,Haas F1 Team,14.0,-16.00276,-0.12186536,2
212,413,MAG,100.956,42.0,2.0,29.316,43.192,28.448,291.0,263.0,244.0,283.0,HARD,22.0,Haas F1 Team,14.0,-13.008489,-4.088355,0
213,416,MAG,99.787,45.0,3.0,28.948,42.762,28.077,286.0,265.0,242.0,284.0,SOFT,5.0,Haas F1 Team,14.0,1.0328151,-4.7888913,0
214,419,MAG,98.107,48.0,3.0,28.655,41.834,27.618,292.0,265.0,247.0,286.0,SOFT,8.0,Haas F1 Team,14.0,22.189455,3.5560791,1
215,420,MAG,98.367,49.0,3.0,28.993,41.818,27.556,288.0,262.0,249.0,283.0,SOFT,9.0,Haas F1 Team,14.0,25.175747,-0.37974128,1
216,427,MAG,98.567,56.0,3.0,28.856,42.026,27.685,294.0,267.0,246.0,287.0,SOFT,16.0,Haas F1 Team,14.0,20.936266,5.407684,1
217,430,MAG,100.398,59.0,3.0,29.846,42.469,28.083,312.0,269.0,250.0,303.0,SOFT,19.0,Haas F1 Team,12.0,3.598592,19.457308,2
218,431,MAG,99.695,60.0,3.0,29.566,42.491,27.638,292.0,266.0,248.0,297.0,SOFT,20.0,Haas F1 Team,11.0,5.964277,5.757192,1
219,432,MAG,98.445,61.0,3.0,28.753,42.183,27.509,293.0,267.0,249.0,287.0,SOFT,21.0,Haas F1 Team,11.0,23.838726,4.3498063,1
220,437,ALB,101.783,3.0,1.0,29.417,43.731,28.635,296.0,273.0,242.0,280.0,MEDIUM,3.0,Williams,15.0,-17.282917,6.6071243,2
221,438,ALB,101.473,4.0,1.0,29.391,43.751,28.331,303.0,268.0,243.0,293.0,MEDIUM,4.0,Williams,15.0,-5.963293,16.16094,2
222,439,ALB,101.361,5.0,1.0,29.75,43.295,28.316,289.0,266.0,239.0,288.0,MEDIUM,5.0,Williams,15.0,-13.918161,2.724512,2
223,440,ALB,102.001,6.0,1.0,29.633,43.409,28.959,295.0,268.0,239.0,285.0,MEDIUM,6.0,Williams,15.0,-15.623695,4.22434,2
224,441,ALB,103.107,7.0,1.0,30.047,44.121,28.939,298.0,275.0,241.0,291.0,MEDIUM,7.0,Williams,15.0,-24.311264,8.935112,2
225,442,ALB,101.318,8.0,1.0,29.594,43.41,28.314,290.0,264.0,242.0,286.0,MEDIUM,8.0,Williams,15.0,-14.877158,-0.76049507,2
226,443,ALB,100.869,9.0,1.0,29.531,43.316,28.022,294.0,265.0,241.0,287.0,MEDIUM,9.0,Williams,15.0,-12.355247,-0.20542337,2
227,444,ALB,100.625,10.0,1.0,29.476,43.031,28.118,295.0,266.0,241.0,285.0,MEDIUM,10.0,Williams,15.0,-11.49286,-0.1253445,2
228,445,ALB,100.363,11.0,1.0,29.488,42.838,28.037,297.0,266.0,244.0,286.0,MEDIUM,11.0,Williams,15.0,-6.0791345,0.21525522,2
229,447,ALB,100.755,13.0,1.0,29.44,43.039,28.276,297.0,266.0,242.0,287.0,MEDIUM,13.0,Williams,15.0,-11.3751745,0.841137,2
230,451,ALB,100.689,17.0,1.0,29.315,43.079,28.295,292.0,266.0,241.0,285.0,MEDIUM,17.0,Williams,15.0,-10.410426,-0.06383271,2
231,452,ALB,100.949,18.0,1.0,29.369,43.249,28.331,296.0,266.0,242.0,286.0,MEDIUM,18.0,Williams,15.0,-11.831372,1.2491298,2
232,457,ALB,103.117,23.0,2.0,29.205,44.115,29.797,302.0,268.0,237.0,288.0,HARD,3.0,Williams,16.0,-29.965519,8.980478,2
233,458,ALB,103.087,24.0,2.0,30.723,43.718,28.646,299.0,267.0,243.0,283.0,HARD,4.0,Williams,15.0,-28.839619,-0.44785964,2
234,459,ALB,100.961,25.0,2.0,29.166,43.35,28.445,309.0,278.0,246.0,286.0,HARD,5.0,Williams,15.0,-11.945952,16.030481,2
235,460,ALB,100.927,26.0,2.0,28.879,43.65,28.398,320.0,276.0,245.0,302.0,HARD,6.0,Williams,15.0,2.3626275,25.46067,2
236,462,ALB,101.442,28.0,2.0,29.346,43.636,28.46,291.0,266.0,243.0,285.0,HARD,8.0,Williams,15.0,-17.902603,0.46882486,2
237,463,ALB,101.455,29.0,2.0,29.351,43.526,28.578,290.0,270.0,244.0,277.0,HARD,9.0,Williams,15.0,-18.88572,6.1400495,2
238,464,ALB,100.469,30.0,2.0,29.092,43.201,28.176,302.0,277.0,245.0,288.0,HARD,10.0,Williams,15.0,-12.965346,16.298122,2
239,465,ALB,100.981,31.0,2.0,29.233,43.432,28.316,297.0,264.0,243.0,293.0,HARD,11.0,Williams,15.0,-4.7019963,12.012671,2
240,466,ALB,100.542,32.0,2.0,29.09,43.25,28.202,296.0,269.0,243.0,288.0,HARD,12.0,Williams,15.0,-9.962394,9.255702,2
241,467,ALB,100.772,33.0,2.0,29.219,43.453,28.1,295.0,269.0,244.0,289.0,HARD,13.0,Williams,15.0,-9.552672,8.808408,2
242,468,ALB,100.55,34.0,2.0,29.141,43.164,28.245,299.0,269.0,244.0,287.0,HARD,14.0,Williams,15.0,-10.1054,10.13357,2
243,469,ALB,101.065,35.0,2.0,29.208,43.398,28.459,293.0,277.0,243.0,297.0,HARD,15.0,Williams,15.0,-12.449846,21.401033,2
244,470,ALB,101.94,36.0,2.0,29.142,44.317,28.481,317.0,270.0,242.0,301.0,HARD,16.0,Williams,14.0,-5.4386306,24.570944,2
245,471,ALB,101.028,37.0,2.0,29.349,43.28,28.399,295.0,269.0,242.0,285.0,HARD,17.0,Williams,14.0,-11.954135,2.3270133,2
246,472,ALB,100.837,38.0,2.0,29.189,43.493,28.155,297.0,269.0,243.0,286.0,HARD,18.0,Williams,14.0,-10.703696,9.103261,2
247,473,ALB,101.246,39.0,2.0,29.099,43.671,28.476,301.0,269.0,242.0,288.0,HARD,19.0,Williams,13.0,-12.183862,8.978142,2
248,474,ALB,100.935,40.0,2.0,28.992,43.535,28.408,313.0,276.0,245.0,300.0,HARD,20.0,Williams,13.0,2.0153837,24.680725,2
249,475,ALB,100.579,41.0,2.0,28.831,43.474,28.274,308.0,277.0,246.0,303.0,HARD,21.0,Williams,12.0,3.1252027,24.056778,2
250,476,ALB,100.637,42.0,2.0,28.895,43.587,28.155,318.0,275.0,246.0,300.0,HARD,22.0,Williams,12.0,3.2366424,25.011854,2
251,482,ALB,97.992,48.0,3.0,28.699,41.806,27.487,294.0,267.0,246.0,287.0,MEDIUM,5.0,Williams,12.0,21.947977,4.863828,1
252,484,ALB,98.122,50.0,3.0,28.686,42.017,27.419,298.0,269.0,249.0,288.0,MEDIUM,7.0,Williams,12.0,24.838013,5.3778253,1
253,488,ALB,98.226,54.0,3.0,28.577,42.134,27.515,296.0,268.0,249.0,283.0,MEDIUM,11.0,Williams,10.0,25.037077,3.9353273,1
254,489,ALB,97.656,55.0,3.0,28.542,41.718,27.396,297.0,269.0,250.0,288.0,MEDIUM,12.0,Williams,10.0,27.17798,4.9103327,1
255,491,ALB,101.555,57.0,3.0,28.5,44.326,28.729,314.0,277.0,248.0,301.0,MEDIUM,14.0,Williams,10.0,1.641686,27.434153,2
256,494,ALB,99.668,60.0,3.0,29.054,42.875,27.739,314.0,276.0,250.0,302.0,MEDIUM,17.0,Williams,12.0,8.84165,21.093006,1
257,495,ALB,98.501,61.0,3.0,28.492,42.521,27.488,311.0,272.0,250.0,301.0,MEDIUM,18.0,Williams,12.0,12.309847,20.751833,1
258,500,ZHO,99.869,4.0,2.0,29.309,42.543,28.017,281.0,255.0,245.0,278.0,HARD,2.0,Alfa Romeo,18.0,2.1915507,-21.449755,0
259,501,ZHO,100.371,5.0,2.0,29.561,42.695,28.115,279.0,255.0,243.0,276.0,HARD,3.0,Alfa Romeo,18.0,-2.8905885,-22.489311,0
260,502,ZHO,100.471,6.0,2.0,29.451,42.914,28.106,281.0,255.0,244.0,275.0,HARD,4.0,Alfa Romeo,18.0,-1.5636623,-22.3359,0
261,503,ZHO,100.588,7.0,2.0,29.509,43.006,28.073,282.0,255.0,244.0,276.0,HARD,5.0,Alfa Romeo,18.0,-1.39128,-21.874046,0
262,507,ZHO,100.534,11.0,2.0,29.458,42.942,28.134,283.0,255.0,244.0,277.0,HARD,9.0,Alfa Romeo,18.0,-1.5642754,-21.241358,0
263,512,ZHO,100.425,16.0,2.0,29.372,42.922,28.131,284.0,257.0,244.0,278.0,HARD,14.0,Alfa Romeo,18.0,-1.5910625,-20.135336,0
264,519,ZHO,102.749,23.0,3.0,29.442,43.914,29.393,298.0,267.0,240.0,287.0,MEDIUM,3.0,Alfa Romeo,17.0,-28.89111,8.239983,2
265,520,ZHO,103.949,24.0,3.0,30.783,44.631,28.535,292.0,260.0,245.0,292.0,MEDIUM,4.0,Alfa Romeo,16.0,-28.553122,-1.2355016,2
266,521,ZHO,101.346,25.0,3.0,29.638,43.391,28.317,291.0,261.0,247.0,282.0,MEDIUM,5.0,Alfa Romeo,16.0,-15.461949,-7.2567616,0
267,522,ZHO,100.973,26.0,3.0,29.338,43.361,28.274,290.0,262.0,245.0,283.0,MEDIUM,6.0,Alfa Romeo,16.0,-13.369906,-5.007366,0
268,523,ZHO,100.57,27.0,3.0,29.288,43.083,28.199,294.0,265.0,245.0,282.0,MEDIUM,7.0,Alfa Romeo,16.0,-5.9399834,-2.0779026,0
269,524,ZHO,101.31,28.0,3.0,29.255,43.542,28.513,304.0,269.0,246.0,286.0,MEDIUM,8.0,Alfa Romeo,16.0,-12.062919,13.459478,2
270,525,ZHO,101.476,29.0,3.0,29.264,43.695,28.517,298.0,269.0,246.0,291.0,MEDIUM,9.0,Alfa Romeo,16.0,-8.151768,17.043928,2
271,526,ZHO,100.866,30.0,3.0,29.353,43.178,28.335,302.0,268.0,246.0,292.0,MEDIUM,10.0,Alfa Romeo,16.0,-4.716577,17.397629,2
272,527,ZHO,100.778,31.0,3.0,29.618,42.962,28.198,289.0,260.0,246.0,280.0,MEDIUM,11.0,Alfa Romeo,16.0,-3.0275784,-13.608874,0
273,528,ZHO,100.576,32.0,3.0,29.289,43.04,28.247,308.0,272.0,246.0,295.0,MEDIUM,12.0,Alfa Romeo,16.0,0.94383115,19.693954,2
274,529,ZHO,100.708,33.0,3.0,29.174,43.258,28.276,305.0,270.0,245.0,293.0,MEDIUM,13.0,Alfa Romeo,16.0,-1.0287982,18.650852,2
275,530,ZHO,100.499,34.0,3.0,29.145,43.12,28.234,306.0,271.0,245.0,292.0,MEDIUM,14.0,Alfa Romeo,16.0,-0.3978273,18.731525,2
276,532,ZHO,102.747,36.0,3.0,29.542,44.461,28.744,293.0,272.0,245.0,293.0,MEDIUM,16.0,Alfa Romeo,15.0,-23.586058,7.4497824,2
277,533,ZHO,101.148,37.0,3.0,29.614,43.307,28.227,290.0,262.0,244.0,283.0,MEDIUM,17.0,Alfa Romeo,15.0,-13.545127,-7.0901093,0
278,535,ZHO,100.894,39.0,3.0,29.299,43.264,28.331,293.0,265.0,242.0,284.0,MEDIUM,19.0,Alfa Romeo,14.0,-10.389337,-1.0191864,2
279,537,ZHO,100.853,41.0,3.0,29.426,43.128,28.299,289.0,261.0,244.0,285.0,MEDIUM,21.0,Alfa Romeo,13.0,-8.41228,-9.48276,0
280,538,ZHO,100.425,42.0,3.0,29.347,42.875,28.203,288.0,261.0,245.0,281.0,MEDIUM,22.0,Alfa Romeo,13.0,-2.9803007,-11.984206,0
281,542,ZHO,99.316,46.0,3.0,29.069,42.329,27.918,293.0,266.0,246.0,285.0,MEDIUM,26.0,Alfa Romeo,10.0,4.107538,1.8367187,1
282,544,ZHO,99.79,48.0,3.0,29.181,42.622,27.987,288.0,263.0,245.0,282.0,MEDIUM,28.0,Alfa Romeo,11.0,8.83866,-6.0554214,0
283,546,ZHO,99.818,50.0,3.0,28.82,42.843,28.155,305.0,272.0,250.0,294.0,MEDIUM,30.0,Alfa Romeo,11.0,8.476457,17.62417,1
284,547,ZHO,100.482,51.0,3.0,28.954,42.951,28.577,306.0,278.0,245.0,295.0,MEDIUM,31.0,Alfa Romeo,11.0,0.66675144,23.449152,2
285,549,ZHO,101.753,53.0,3.0,29.335,44.041,28.377,289.0,262.0,245.0,281.0,MEDIUM,33.0,Alfa Romeo,13.0,-21.15285,-0.9476939,2
286,550,ZHO,101.708,54.0,3.0,29.511,43.642,28.555,286.0,261.0,244.0,282.0,MEDIUM,34.0,Alfa Romeo,13.0,-21.61006,-2.515807,2
287,552,ZHO,101.215,56.0,3.0,29.094,43.492,28.629,301.0,279.0,248.0,294.0,MEDIUM,36.0,Alfa Romeo,13.0,-12.097343,19.165611,2
288,553,ZHO,101.419,57.0,3.0,29.149,43.614,28.656,297.0,277.0,247.0,292.0,MEDIUM,37.0,Alfa Romeo,13.0,-12.606264,19.155027,2
289,555,ZHO,103.773,59.0,3.0,30.587,44.615,28.571,288.0,263.0,245.0,284.0,MEDIUM,39.0,Alfa Romeo,14.0,-28.041552,-1.1439312,2
290,556,ZHO,101.794,60.0,3.0,29.574,43.644,28.576,289.0,272.0,248.0,281.0,MEDIUM,40.0,Alfa Romeo,14.0,-20.86853,6.396718,2
291,557,ZHO,102.01,61.0,3.0,29.219,43.948,28.843,313.0,278.0,246.0,296.0,MEDIUM,41.0,Alfa Romeo,13.0,-2.2366614,26.58671,2
292,562,HUL,101.256,4.0,1.0,29.134,43.592,28.53,306.0,271.0,245.0,297.0,MEDIUM,4.0,Haas F1 Team,10.0,-2.5412924,22.701473,2
293,563,HUL,101.35,5.0,1.0,29.162,43.594,28.594,308.0,273.0,244.0,298.0,MEDIUM,5.0,Haas F1 Team,10.0,-2.1898637,23.46083,2
294,564,HUL,101.949,6.0,1.0,29.253,43.93,28.766,303.0,266.0,244.0,297.0,MEDIUM,6.0,Haas F1 Team,10.0,-7.1400905,22.702915,2
295,565,HUL,101.117,7.0,1.0,29.367,43.306,28.444,302.0,262.0,244.0,292.0,MEDIUM,7.0,Haas F1 Team,10.0,-5.5538554,13.145396,2
296,566,HUL,100.734,8.0,1.0,29.106,43.242,28.386,291.0,262.0,244.0,288.0,MEDIUM,8.0,Haas F1 Team,10.0,-4.1111655,5.75695,2
297,567,HUL,100.978,9.0,1.0,29.225,43.399,28.354,301.0,267.0,244.0,285.0,MEDIUM,9.0,Haas F1 Team,10.0,-11.698602,10.891564,2
298,568,HUL,100.633,10.0,1.0,29.144,43.127,28.362,303.0,272.0,244.0,295.0,MEDIUM,10.0,Haas F1 Team,10.0,-1.7684736,18.936132,2
299,570,HUL,100.479,12.0,1.0,29.071,43.108,28.3,300.0,268.0,245.0,294.0,MEDIUM,12.0,Haas F1 Team,10.0,-1.2551129,17.103712,2
300,571,HUL,100.783,13.0,1.0,29.133,43.354,28.296,298.0,270.0,244.0,295.0,MEDIUM,13.0,Haas F1 Team,10.0,-2.3622248,17.968372,2
301,572,HUL,100.641,14.0,1.0,29.151,43.272,28.218,308.0,271.0,245.0,296.0,MEDIUM,14.0,Haas F1 Team,10.0,0.10287684,20.29352,2
302,574,HUL,100.789,16.0,1.0,29.393,43.083,28.313,294.0,263.0,243.0,293.0,MEDIUM,16.0,Haas F1 Team,10.0,-4.301625,11.183954,2
303,575,HUL,100.753,17.0,1.0,29.124,43.362,28.267,309.0,270.0,245.0,294.0,MEDIUM,17.0,Haas F1 Team,10.0,-0.77059895,20.155027,2
304,576,HUL,100.877,18.0,1.0,29.077,43.589,28.211,312.0,264.0,245.0,296.0,MEDIUM,18.0,Haas F1 Team,10.0,-4.936887,20.913061,2
305,581,HUL,103.093,23.0,2.0,29.496,43.996,29.601,295.0,261.0,243.0,285.0,HARD,3.0,Haas F1 Team,15.0,-27.754175,6.9722624,2
306,582,HUL,103.044,24.0,2.0,30.479,43.819,28.746,293.0,261.0,242.0,291.0,HARD,4.0,Haas F1 Team,14.0,-28.475292,-0.30785728,2
307,583,HUL,101.165,25.0,2.0,29.186,43.637,28.342,303.0,264.0,245.0,281.0,HARD,5.0,Haas F1 Team,14.0,-13.000573,11.663026,2
308,584,HUL,100.93,26.0,2.0,29.067,43.365,28.498,314.0,271.0,245.0,296.0,HARD,6.0,Haas F1 Team,14.0,-0.87496746,22.643196,2
309,585,HUL,100.425,27.0,2.0,28.978,43.131,28.316,307.0,273.0,246.0,297.0,HARD,7.0,Haas F1 Team,14.0,1.7478868,21.95907,2
310,586,HUL,101.78,28.0,2.0,29.135,44.158,28.487,304.0,262.0,243.0,298.0,HARD,8.0,Haas F1 Team,14.0,-7.422761,21.96354,2
311,587,HUL,101.57,29.0,2.0,29.413,43.607,28.55,298.0,263.0,242.0,287.0,HARD,9.0,Haas F1 Team,14.0,-16.071722,0.9468199,2
312,589,HUL,100.076,31.0,2.0,28.909,43.188,27.979,312.0,276.0,247.0,294.0,HARD,11.0,Haas F1 Team,14.0,5.5499096,21.814392,2
313,590,HUL,101.038,32.0,2.0,29.062,43.558,28.418,310.0,262.0,242.0,299.0,HARD,12.0,Haas F1 Team,14.0,-6.362221,21.500376,2
314,591,HUL,100.694,33.0,2.0,29.301,43.141,28.252,296.0,264.0,243.0,284.0,HARD,13.0,Haas F1 Team,14.0,-8.426313,-1.1103159,2
315,592,HUL,100.644,34.0,2.0,29.199,43.251,28.194,299.0,267.0,244.0,287.0,HARD,14.0,Haas F1 Team,14.0,-9.777096,10.125164,2
316,594,HUL,101.128,36.0,2.0,29.319,43.398,28.411,303.0,273.0,245.0,288.0,HARD,16.0,Haas F1 Team,13.0,-12.758989,14.807276,2
317,595,HUL,100.482,37.0,2.0,29.019,43.221,28.242,314.0,274.0,246.0,298.0,HARD,17.0,Haas F1 Team,13.0,2.4550235,23.081444,2
318,596,HUL,101.051,38.0,2.0,28.84,44.083,28.128,315.0,275.0,248.0,299.0,HARD,18.0,Haas F1 Team,13.0,3.2964072,26.087175,2
319,600,HUL,100.523,42.0,2.0,29.163,43.162,28.198,299.0,265.0,245.0,288.0,HARD,22.0,Haas F1 Team,11.0,-2.3538535,7.178511,2
320,604,HUL,100.005,46.0,2.0,29.119,42.875,28.011,296.0,266.0,245.0,286.0,HARD,26.0,Haas F1 Team,9.0,0.83291495,3.3453538,2
321,608,HUL,99.923,50.0,2.0,29.103,42.925,27.895,294.0,265.0,245.0,285.0,HARD,30.0,Haas F1 Team,10.0,1.5141895,2.6830013,2
322,612,HUL,101.918,54.0,2.0,29.426,44.035,28.457,293.0,262.0,243.0,284.0,HARD,34.0,Haas F1 Team,12.0,-20.289371,-1.5647713,2
323,613,HUL,101.16,55.0,2.0,29.316,43.511,28.333,290.0,261.0,242.0,282.0,HARD,35.0,Haas F1 Team,12.0,-16.864128,-3.3004568,2
324,614,HUL,101.285,56.0,2.0,29.326,43.672,28.287,291.0,266.0,243.0,283.0,HARD,36.0,Haas F1 Team,12.0,-18.408834,-0.07752267,2
325,615,HUL,101.41,57.0,2.0,29.198,43.865,28.347,288.0,266.0,243.0,281.0,HARD,37.0,Haas F1 Team,12.0,-19.072193,-0.068305895,2
326,617,HUL,101.538,59.0,2.0,29.232,43.856,28.45,294.0,265.0,241.0,285.0,HARD,39.0,Haas F1 Team,11.0,-17.246517,-0.62526494,2
327,618,HUL,104.766,60.0,2.0,31.104,44.972,28.69,309.0,265.0,242.0,282.0,HARD,40.0,Haas F1 Team,13.0,-29.683886,-1.2959092,2
328,619,HUL,103.503,61.0,2.0,29.465,44.007,30.031,297.0,263.0,243.0,287.0,HARD,41.0,Haas F1 Team,14.0,-27.954573,7.648423,2
329,624,OCO,101.375,4.0,1.0,29.381,43.437,28.557,297.0,262.0,242.0,286.0,MEDIUM,4.0,Alpine,7.0,-15.959871,0.72386235,2
330,626,OCO,100.908,6.0,1.0,29.166,43.306,28.436,293.0,257.0,244.0,290.0,MEDIUM,6.0,Alpine,7.0,-5.5599265,8.900569,2
331,628,OCO,100.339,8.0,1.0,29.114,42.991,28.234,294.0,265.0,244.0,289.0,MEDIUM,8.0,Alpine,7.0,-2.0634956,5.2786746,2
332,631,OCO,100.085,11.0,1.0,29.109,43.039,27.937,293.0,260.0,245.0,287.0,MEDIUM,11.0,Alpine,7.0,0.3809586,6.2692575,2
333,632,OCO,100.388,12.0,1.0,29.134,42.975,28.279,292.0,265.0,245.0,288.0,MEDIUM,12.0,Alpine,7.0,-2.1992607,4.824227,2
334,633,OCO,100.562,13.0,1.0,29.216,43.112,28.234,294.0,264.0,246.0,289.0,MEDIUM,13.0,Alpine,7.0,-2.708919,6.0860853,2
335,635,OCO,100.353,15.0,1.0,29.129,43.154,28.07,296.0,259.0,244.0,290.0,MEDIUM,15.0,Alpine,7.0,-0.13160118,6.7796416,2
336,636,OCO,100.387,16.0,1.0,29.311,43.083,27.993,288.0,259.0,245.0,282.0,MEDIUM,16.0,Alpine,7.0,-2.5571785,-10.722664,0
337,638,OCO,100.423,18.0,1.0,29.346,43.028,28.049,289.0,259.0,244.0,280.0,MEDIUM,18.0,Alpine,7.0,-3.7110982,-10.699226,0
338,643,OCO,103.254,23.0,2.0,29.478,44.62,29.156,282.0,263.0,243.0,287.0,HARD,3.0,Alpine,9.0,-27.315113,5.173349,2
339,644,OCO,103.091,24.0,2.0,30.054,44.422,28.615,283.0,264.0,245.0,278.0,HARD,4.0,Alpine,9.0,-26.391079,-0.9260588,2
340,645,OCO,100.895,25.0,2.0,29.075,43.408,28.412,299.0,266.0,246.0,283.0,HARD,5.0,Alpine,9.0,-12.440524,11.723834,2
341,646,OCO,100.885,26.0,2.0,28.715,44.005,28.165,296.0,269.0,248.0,291.0,HARD,6.0,Alpine,9.0,4.3271203,16.739328,2
342,647,OCO,100.376,27.0,2.0,28.965,43.284,28.127,303.0,269.0,249.0,293.0,HARD,7.0,Alpine,9.0,6.341356,16.794573,1
343,648,OCO,101.755,28.0,2.0,29.001,44.245,28.509,300.0,267.0,247.0,292.0,HARD,8.0,Alpine,9.0,-8.641999,18.889774,2
344,650,OCO,100.04,30.0,2.0,28.945,43.126,27.969,298.0,266.0,249.0,291.0,HARD,10.0,Alpine,9.0,6.729575,15.559708,1
345,652,OCO,100.362,32.0,2.0,29.109,43.168,28.085,293.0,268.0,248.0,292.0,HARD,12.0,Alpine,9.0,5.609404,15.466224,1
346,654,OCO,100.303,34.0,2.0,29.053,43.079,28.171,292.0,268.0,248.0,284.0,HARD,14.0,Alpine,9.0,11.186797,5.160453,1
347,655,OCO,100.541,35.0,2.0,29.092,43.328,28.121,297.0,270.0,248.0,294.0,HARD,15.0,Alpine,9.0,5.3293,16.103144,1
348,657,OCO,102.599,37.0,2.0,29.107,45.169,28.323,294.0,268.0,248.0,295.0,HARD,17.0,Alpine,8.0,-9.300429,19.509836,2
349,658,OCO,101.319,38.0,2.0,29.312,43.674,28.333,296.0,268.0,249.0,292.0,HARD,18.0,Alpine,8.0,-7.6243687,18.077526,2
350,660,OCO,99.931,40.0,2.0,29.04,42.982,27.909,284.0,258.0,249.0,280.0,HARD,20.0,Alpine,7.0,14.746622,-4.88702,1
351,666,NOR,101.124,3.0,1.0,29.106,43.583,28.435,293.0,273.0,243.0,276.0,MEDIUM,3.0,McLaren,5.0,-18.500412,6.1229157,2
352,667,NOR,101.678,4.0,1.0,29.17,43.643,28.865,292.0,273.0,247.0,291.0,MEDIUM,4.0,McLaren,4.0,-13.400661,19.176125,2
353,668,NOR,100.285,5.0,1.0,29.252,42.811,28.222,279.0,257.0,244.0,279.0,MEDIUM,5.0,McLaren,4.0,-2.6454623,-19.362005,0
354,669,NOR,99.992,6.0,1.0,29.381,42.659,27.952,275.0,257.0,243.0,276.0,MEDIUM,6.0,McLaren,4.0,-3.4478724,-23.315222,0
355,670,NOR,99.972,7.0,1.0,29.227,42.587,28.158,273.0,263.0,243.0,285.0,MEDIUM,7.0,McLaren,4.0,5.340703,-11.291427,0
356,671,NOR,100.301,8.0,1.0,29.356,42.773,28.172,276.0,263.0,245.0,284.0,MEDIUM,8.0,McLaren,4.0,3.7222977,-11.532775,0
357,672,NOR,100.13,9.0,1.0,29.284,42.752,28.094,277.0,263.0,244.0,286.0,MEDIUM,9.0,McLaren,4.0,4.5520215,-10.622306,0
358,674,NOR,100.355,11.0,1.0,29.404,42.912,28.039,274.0,263.0,244.0,285.0,MEDIUM,11.0,McLaren,4.0,4.336317,-11.526012,0
359,675,NOR,100.466,12.0,1.0,29.442,43.004,28.02,286.0,262.0,246.0,274.0,MEDIUM,12.0,McLaren,4.0,1.85018,-18.519009,0
360,676,NOR,100.372,13.0,1.0,29.334,42.962,28.076,277.0,263.0,245.0,284.0,MEDIUM,13.0,McLaren,4.0,3.8139026,-10.933344,0
361,677,NOR,100.421,14.0,1.0,29.233,42.914,28.274,281.0,263.0,246.0,285.0,MEDIUM,14.0,McLaren,4.0,4.660115,-8.936811,0
362,678,NOR,100.247,15.0,1.0,28.89,43.203,28.154,287.0,267.0,243.0,290.0,MEDIUM,15.0,McLaren,4.0,-2.9997187,3.3211043,2
363,679,NOR,100.342,16.0,1.0,29.325,43.123,27.894,282.0,265.0,245.0,296.0,MEDIUM,16.0,McLaren,4.0,-1.5022365,9.581586,2
364,680,NOR,100.024,17.0,1.0,29.204,42.904,27.916,280.0,264.0,246.0,287.0,MEDIUM,17.0,McLaren,4.0,6.2476144,-7.3443875,0
365,681,NOR,99.693,18.0,1.0,29.255,42.625,27.813,284.0,264.0,246.0,285.0,MEDIUM,18.0,McLaren,4.0,7.309725,-5.9455795,0
366,686,NOR,102.789,23.0,2.0,29.34,44.449,29.0,297.0,269.0,244.0,286.0,HARD,3.0,McLaren,4.0,-24.593979,6.5775294,2
367,687,NOR,100.32,24.0,2.0,29.515,42.757,28.048,288.0,273.0,245.0,277.0,HARD,4.0,McLaren,3.0,7.027857,1.4402277,1
368,688,NOR,100.24,25.0,2.0,29.092,42.849,28.299,283.0,263.0,240.0,276.0,HARD,5.0,McLaren,3.0,-7.8439946,-22.60557,0
369,689,NOR,99.484,26.0,2.0,29.22,42.244,28.02,282.0,262.0,243.0,285.0,HARD,6.0,McLaren,3.0,2.6744983,-7.245897,0
370,690,NOR,99.406,27.0,2.0,29.037,42.218,28.151,281.0,265.0,242.0,284.0,HARD,7.0,McLaren,3.0,2.431486,-6.513066,0
371,691,NOR,100.267,28.0,2.0,29.005,42.994,28.268,270.0,266.0,243.0,286.0,HARD,8.0,McLaren,3.0,6.389912,-10.929763,0
372,692,NOR,100.097,29.0,2.0,29.109,42.798,28.19,274.0,264.0,244.0,281.0,HARD,9.0,McLaren,3.0,5.793345,-11.963648,0
373,693,NOR,99.736,30.0,2.0,29.07,42.852,27.814,277.0,271.0,248.0,282.0,HARD,10.0,McLaren,3.0,13.009062,3.8391747,1
374,694,NOR,99.367,31.0,2.0,28.609,42.715,28.043,287.0,274.0,249.0,289.0,HARD,11.0,McLaren,3.0,12.930965,10.091807,1
375,695,NOR,99.291,32.0,2.0,28.588,42.707,27.996,298.0,276.0,249.0,298.0,HARD,12.0,McLaren,3.0,11.167944,15.357086,1
376,696,NOR,99.663,33.0,2.0,28.629,43.15,27.884,288.0,269.0,248.0,293.0,HARD,13.0,McLaren,3.0,11.1001425,11.504549,1
377,697,NOR,100.06,34.0,2.0,29.058,42.986,28.016,277.0,264.0,246.0,285.0,HARD,14.0,McLaren,3.0,6.029385,-8.535733,0
378,698,NOR,99.701,35.0,2.0,28.836,43.027,27.838,285.0,273.0,249.0,288.0,HARD,15.0,McLaren,3.0,12.141735,9.143739,1
379,699,NOR,99.462,36.0,2.0,28.668,42.955,27.839,298.0,273.0,248.0,292.0,HARD,16.0,McLaren,3.0,10.845581,14.48742,1
380,700,NOR,99.838,37.0,2.0,28.727,43.204,27.907,286.0,274.0,247.0,293.0,HARD,17.0,McLaren,3.0,11.693266,11.254856,1
381,701,NOR,99.72,38.0,2.0,28.743,43.017,27.96,281.0,271.0,249.0,291.0,HARD,18.0,McLaren,3.0,11.518835,10.099959,1
382,702,NOR,99.271,39.0,2.0,28.872,42.701,27.698,287.0,269.0,249.0,293.0,HARD,19.0,McLaren,3.0,10.727177,9.836443,1
383,703,NOR,99.346,40.0,2.0,28.9,42.66,27.786,282.0,268.0,247.0,290.0,HARD,20.0,McLaren,3.0,10.546039,8.977445,1
384,705,NOR,99.606,42.0,2.0,28.539,43.082,27.985,290.0,273.0,247.0,302.0,HARD,22.0,McLaren,3.0,9.968647,13.292531,1
385,709,NOR,98.046,46.0,2.0,28.63,41.946,27.47,294.0,267.0,250.0,288.0,HARD,26.0,McLaren,2.0,25.721792,5.137249,1
386,712,NOR,98.173,49.0,2.0,28.599,42.125,27.449,291.0,268.0,250.0,283.0,HARD,29.0,McLaren,2.0,25.846766,3.6443386,1
387,713,NOR,98.148,50.0,2.0,28.612,42.099,27.437,294.0,268.0,250.0,284.0,HARD,30.0,McLaren,2.0,25.727755,4.216928,1
388,714,NOR,98.124,51.0,2.0,28.645,42.127,27.352,293.0,268.0,251.0,289.0,HARD,31.0,McLaren,2.0,25.768345,6.027138,1
389,717,NOR,98.423,54.0,2.0,28.527,42.573,27.323,294.0,268.0,250.0,290.0,HARD,34.0,McLaren,2.0,24.738894,6.966417,1
390,719,NOR,98.473,56.0,2.0,28.621,42.432,27.42,295.0,269.0,251.0,290.0,HARD,36.0,McLaren,2.0,25.248007,6.7973566,1
391,721,NOR,99.16,58.0,2.0,28.336,42.982,27.842,302.0,277.0,251.0,301.0,HARD,38.0,McLaren,2.0,11.304226,19.046715,1
392,723,NOR,99.396,60.0,2.0,28.601,43.047,27.748,312.0,276.0,252.0,286.0,HARD,40.0,McLaren,2.0,14.208208,17.214006,1
393,725,NOR,99.677,62.0,2.0,28.523,43.224,27.93,313.0,278.0,248.0,289.0,HARD,42.0,McLaren,2.0,13.098295,17.747366,1
394,728,LAW,101.514,3.0,1.0,29.54,43.252,28.722,298.0,264.0,244.0,282.0,MEDIUM,3.0,AlphaTauri,12.0,-19.056932,-4.659557,2
395,729,LAW,101.359,4.0,1.0,29.356,43.333,28.67,289.0,265.0,243.0,288.0,MEDIUM,4.0,AlphaTauri,12.0,-17.6053,2.1466348,2
396,730,LAW,101.351,5.0,1.0,29.275,43.469,28.607,296.0,256.0,243.0,291.0,MEDIUM,5.0,AlphaTauri,12.0,-6.056434,9.139585,2
397,731,LAW,101.933,6.0,1.0,29.171,43.905,28.857,302.0,254.0,243.0,287.0,MEDIUM,6.0,AlphaTauri,12.0,-22.095175,-5.7624083,2
398,734,LAW,100.886,9.0,1.0,29.484,42.967,28.435,285.0,257.0,238.0,288.0,MEDIUM,9.0,AlphaTauri,12.0,-14.787836,-14.393691,0
399,735,LAW,100.598,10.0,1.0,29.639,42.707,28.252,287.0,258.0,243.0,283.0,MEDIUM,10.0,AlphaTauri,12.0,-9.619515,-13.167371,0
400,736,LAW,100.824,11.0,1.0,29.601,42.936,28.287,282.0,259.0,242.0,279.0,MEDIUM,11.0,AlphaTauri,12.0,-7.461359,-18.734388,0
401,737,LAW,100.454,12.0,1.0,29.514,42.736,28.204,280.0,258.0,243.0,278.0,MEDIUM,12.0,AlphaTauri,12.0,-4.3930874,-21.163755,0
402,741,LAW,100.941,16.0,1.0,29.503,42.97,28.468,281.0,259.0,243.0,282.0,MEDIUM,16.0,AlphaTauri,12.0,-6.6327696,-16.722425,0
403,742,LAW,100.94,17.0,1.0,29.501,43.058,28.381,292.0,255.0,243.0,278.0,MEDIUM,17.0,AlphaTauri,12.0,-10.498707,-17.621754,0
404,743,LAW,101.119,18.0,1.0,29.476,43.197,28.446,288.0,259.0,243.0,279.0,MEDIUM,18.0,AlphaTauri,12.0,-11.266378,-16.832476,0
405,748,LAW,103.523,23.0,2.0,29.432,44.199,29.892,279.0,268.0,233.0,280.0,HARD,3.0,AlphaTauri,14.0,-31.10163,7.6421185,2
406,750,LAW,101.399,25.0,2.0,29.399,43.255,28.745,293.0,260.0,243.0,277.0,HARD,5.0,AlphaTauri,13.0,-19.829826,-6.493842,0
407,751,LAW,100.971,26.0,2.0,29.468,42.817,28.686,294.0,259.0,246.0,288.0,HARD,6.0,AlphaTauri,13.0,-11.18872,-7.0791492,0
408,752,LAW,100.231,27.0,2.0,29.288,42.682,28.261,295.0,259.0,247.0,289.0,HARD,7.0,AlphaTauri,13.0,-5.3234158,4.36005,2
409,754,LAW,101.515,29.0,2.0,29.267,43.707,28.541,297.0,268.0,245.0,292.0,HARD,9.0,AlphaTauri,13.0,-8.058613,16.709253,2
410,755,LAW,100.999,30.0,2.0,29.329,43.399,28.271,290.0,269.0,246.0,288.0,HARD,10.0,AlphaTauri,13.0,-8.9414625,7.1906323,2
411,757,LAW,100.055,32.0,2.0,29.303,42.614,28.138,296.0,261.0,242.0,284.0,HARD,12.0,AlphaTauri,13.0,-4.8474894,-4.6432347,0
412,758,LAW,100.334,33.0,2.0,29.354,42.705,28.275,279.0,255.0,243.0,279.0,HARD,13.0,AlphaTauri,13.0,-3.8436644,-20.336008,0
413,759,LAW,100.953,34.0,2.0,29.431,43.135,28.387,282.0,259.0,244.0,282.0,HARD,14.0,AlphaTauri,13.0,-6.4094515,-16.150082,0
414,761,LAW,101.1,36.0,2.0,29.486,43.391,28.223,305.0,270.0,243.0,285.0,HARD,16.0,AlphaTauri,12.0,-14.018927,10.027677,2
415,762,LAW,100.797,37.0,2.0,29.462,43.046,28.289,285.0,258.0,238.0,282.0,HARD,17.0,AlphaTauri,12.0,-14.767781,-14.98885,0
416,763,LAW,101.106,38.0,2.0,29.418,43.526,28.162,293.0,261.0,243.0,284.0,HARD,18.0,AlphaTauri,12.0,-15.721048,-3.479163,2
417,764,LAW,101.845,39.0,2.0,29.299,43.801,28.745,296.0,258.0,243.0,281.0,HARD,19.0,AlphaTauri,11.0,-21.346872,-4.8701434,2
418,765,LAW,101.182,40.0,2.0,29.304,43.522,28.356,295.0,260.0,244.0,292.0,HARD,20.0,AlphaTauri,11.0,-5.565137,10.300943,2
419,766,LAW,100.315,41.0,2.0,29.342,42.916,28.057,281.0,261.0,244.0,281.0,HARD,21.0,AlphaTauri,10.0,1.9940145,-13.195698,0
420,767,LAW,100.181,42.0,2.0,29.261,42.875,28.045,287.0,261.0,244.0,282.0,HARD,22.0,AlphaTauri,10.0,-1.5031754,-9.464692,0
421,771,LAW,99.132,46.0,2.0,29.102,42.299,27.731,289.0,264.0,245.0,283.0,HARD,26.0,AlphaTauri,8.0,12.485347,-9.8308935,0
422,773,LAW,99.386,48.0,2.0,29.063,42.405,27.918,286.0,261.0,245.0,280.0,HARD,28.0,AlphaTauri,8.0,10.068899,-14.514276,0
423,774,LAW,99.783,49.0,2.0,29.077,42.746,27.96,284.0,261.0,245.0,281.0,HARD,29.0,AlphaTauri,8.0,8.567936,-14.455659,0
424,776,LAW,100.801,51.0,2.0,29.599,43.139,28.063,284.0,260.0,244.0,291.0,HARD,31.0,AlphaTauri,9.0,-8.501647,-11.408384,0
425,777,LAW,99.95,52.0,2.0,29.196,42.691,28.063,282.0,260.0,244.0,279.0,HARD,32.0,AlphaTauri,9.0,4.7511477,-15.800555,0
426,785,LAW,103.089,60.0,2.0,29.154,45.526,28.409,288.0,260.0,246.0,279.0,HARD,40.0,AlphaTauri,10.0,-24.55641,-3.5009453,2
427,786,LAW,101.007,61.0,2.0,29.378,43.266,28.363,289.0,263.0,245.0,284.0,HARD,41.0,AlphaTauri,10.0,-13.202269,-4.9451447,0
428,790,HAM,101.088,3.0,1.0,29.309,43.484,28.295,293.0,253.0,243.0,267.0,MEDIUM,3.0,Mercedes,4.0,-10.416022,-21.03958,0
429,791,HAM,102.861,4.0,1.0,29.32,43.99,29.551,282.0,239.0,242.0,276.0,MEDIUM,4.0,Mercedes,5.0,-20.171572,-16.56809,0
430,792,HAM,100.978,5.0,1.0,29.145,43.709,28.124,290.0,251.0,242.0,295.0,MEDIUM,5.0,Mercedes,5.0,-6.0442405,7.918158,2
431,793,HAM,100.126,6.0,1.0,29.602,42.597,27.927,276.0,260.0,242.0,276.0,MEDIUM,6.0,Mercedes,5.0,-4.270508,-23.242445,0
432,794,HAM,99.918,7.0,1.0,29.355,42.67,27.893,279.0,243.0,247.0,277.0,MEDIUM,7.0,Mercedes,5.0,2.6322434,-24.759365,0
433,795,HAM,100.166,8.0,1.0,29.251,42.903,28.012,275.0,244.0,246.0,279.0,MEDIUM,8.0,Mercedes,5.0,2.4040153,-24.569832,0
434,796,HAM,100.312,9.0,1.0,29.301,43.078,27.933,288.0,241.0,247.0,274.0,MEDIUM,9.0,Mercedes,5.0,3.0183136,-25.049505,0
435,797,HAM,100.144,10.0,1.0,29.373,42.869,27.902,272.0,251.0,243.0,282.0,MEDIUM,10.0,Mercedes,5.0,-2.7901163,-24.741234,0
436,798,HAM,100.241,11.0,1.0,29.415,42.792,28.034,283.0,253.0,245.0,277.0,MEDIUM,11.0,Mercedes,5.0,0.4565043,-21.983423,0
437,799,HAM,100.218,12.0,1.0,29.288,42.99,27.94,279.0,252.0,246.0,279.0,MEDIUM,12.0,Mercedes,5.0,1.4825768,-22.603876,0
438,800,HAM,100.081,13.0,1.0,29.272,42.725,28.084,285.0,266.0,246.0,286.0,MEDIUM,13.0,Mercedes,5.0,5.6870465,-4.739559,0
439,801,HAM,100.273,14.0,1.0,28.851,43.246,28.176,300.0,263.0,246.0,292.0,MEDIUM,14.0,Mercedes,5.0,1.8380482,12.977515,2
440,802,HAM,100.394,15.0,1.0,29.079,43.228,28.087,283.0,262.0,246.0,285.0,MEDIUM,15.0,Mercedes,5.0,5.207927,-8.11846,0
441,803,HAM,100.785,16.0,1.0,29.3,43.415,28.07,278.0,255.0,244.0,289.0,MEDIUM,16.0,Mercedes,5.0,-7.503408,-13.228811,0
442,804,HAM,100.38,17.0,1.0,29.606,42.758,28.016,270.0,252.0,244.0,267.0,MEDIUM,17.0,Mercedes,5.0,-0.4007937,-25.581497,0
443,805,HAM,100.364,18.0,1.0,29.494,42.942,27.928,287.0,254.0,244.0,275.0,MEDIUM,18.0,Mercedes,5.0,-0.50545084,-21.564602,0
444,810,HAM,103.08,23.0,2.0,29.495,43.75,29.835,292.0,272.0,246.0,286.0,HARD,3.0,Mercedes,6.0,-27.143986,9.467951,2
445,811,HAM,100.957,24.0,2.0,29.715,43.282,27.96,299.0,257.0,247.0,290.0,HARD,4.0,Mercedes,5.0,-14.772753,-8.698506,0
446,812,HAM,100.442,25.0,2.0,29.46,42.916,28.066,270.0,258.0,248.0,282.0,HARD,5.0,Mercedes,5.0,1.8134928,-15.229005,0
447,813,HAM,99.954,26.0,2.0,29.008,42.906,28.04,292.0,271.0,248.0,284.0,HARD,6.0,Mercedes,5.0,12.197108,5.952921,1
448,814,HAM,99.226,27.0,2.0,28.825,42.51,27.891,311.0,254.0,245.0,294.0,HARD,7.0,Mercedes,4.0,3.117763,9.096719,2
449,815,HAM,99.679,28.0,2.0,29.423,42.461,27.795,272.0,250.0,245.0,269.0,HARD,8.0,Mercedes,4.0,0.21426684,-25.344704,0
450,816,HAM,99.52,29.0,2.0,29.248,42.475,27.797,268.0,255.0,246.0,275.0,HARD,9.0,Mercedes,4.0,4.018487,-21.21384,0
451,817,HAM,99.142,30.0,2.0,28.956,42.289,27.897,277.0,272.0,250.0,278.0,HARD,10.0,Mercedes,4.0,13.812121,3.5590103,1
452,818,HAM,99.32,31.0,2.0,28.814,42.534,27.972,302.0,273.0,249.0,293.0,HARD,11.0,Mercedes,4.0,10.081732,16.050123,1
453,820,HAM,100.62,33.0,2.0,28.953,43.806,27.861,271.0,250.0,246.0,298.0,HARD,13.0,Mercedes,4.0,-7.5605583,-13.997098,0
454,821,HAM,99.545,34.0,2.0,29.241,42.585,27.719,273.0,260.0,246.0,279.0,HARD,14.0,Mercedes,4.0,4.4036064,-19.95156,0
455,822,HAM,99.51,35.0,2.0,29.135,42.618,27.757,274.0,263.0,250.0,280.0,HARD,15.0,Mercedes,4.0,15.476678,-6.1641707,1
456,823,HAM,99.362,36.0,2.0,28.995,42.63,27.737,294.0,260.0,248.0,285.0,HARD,16.0,Mercedes,4.0,13.87916,-1.7514361,1
457,824,HAM,99.959,37.0,2.0,28.963,42.994,28.002,285.0,271.0,245.0,278.0,HARD,17.0,Mercedes,4.0,7.8200817,2.2041795,1
458,825,HAM,99.86,38.0,2.0,29.104,42.682,28.074,288.0,275.0,249.0,283.0,HARD,18.0,Mercedes,4.0,13.363394,6.4321203,1
459,826,HAM,99.264,39.0,2.0,28.909,42.537,27.818,298.0,268.0,248.0,289.0,HARD,19.0,Mercedes,4.0,17.186277,6.455826,1
460,827,HAM,99.472,40.0,2.0,28.67,42.813,27.989,302.0,265.0,247.0,300.0,HARD,20.0,Mercedes,4.0,5.252021,13.289681,1
461,828,HAM,99.698,41.0,2.0,29.077,42.71,27.911,281.0,258.0,247.0,288.0,HARD,21.0,Mercedes,4.0,7.815686,-8.210424,0
462,833,HAM,96.953,46.0,3.0,28.692,41.25,27.011,279.0,263.0,249.0,285.0,MEDIUM,2.0,Mercedes,5.0,29.377472,-0.7488595,1
463,835,HAM,96.122,48.0,3.0,28.497,40.721,26.904,291.0,266.0,249.0,285.0,MEDIUM,4.0,Mercedes,5.0,33.194324,1.7346832,1
464,837,HAM,96.462,50.0,3.0,28.384,40.949,27.129,290.0,254.0,249.0,284.0,MEDIUM,6.0,Mercedes,5.0,32.115997,-1.1287836,1
465,838,HAM,96.479,51.0,3.0,28.478,40.899,27.102,291.0,257.0,249.0,286.0,MEDIUM,7.0,Mercedes,5.0,32.454723,-0.65043795,1
466,839,HAM,96.555,52.0,3.0,28.412,41.18,26.963,292.0,261.0,249.0,282.0,MEDIUM,8.0,Mercedes,5.0,32.069695,0.3325027,1
467,841,HAM,97.924,54.0,3.0,28.85,41.778,27.296,314.0,265.0,249.0,305.0,MEDIUM,10.0,Mercedes,4.0,13.252015,21.23637,1
468,842,HAM,97.221,55.0,3.0,28.475,41.57,27.176,287.0,262.0,250.0,283.0,MEDIUM,11.0,Mercedes,4.0,30.054667,0.5071601,1
469,843,HAM,96.411,56.0,3.0,28.315,41.097,26.999,294.0,268.0,248.0,284.0,MEDIUM,12.0,Mercedes,4.0,32.646805,3.08832,1
470,844,HAM,97.111,57.0,3.0,28.385,41.477,27.249,296.0,254.0,249.0,289.0,MEDIUM,13.0,Mercedes,4.0,32.516426,-1.7297869,1
471,845,HAM,97.982,58.0,3.0,28.032,42.09,27.86,315.0,278.0,251.0,290.0,MEDIUM,14.0,Mercedes,4.0,15.605987,17.807018,1
472,847,HAM,99.772,60.0,3.0,28.574,43.307,27.891,321.0,279.0,249.0,302.0,MEDIUM,16.0,Mercedes,4.0,9.906517,21.79395,1
473,848,HAM,99.096,61.0,3.0,28.304,42.634,28.158,318.0,281.0,249.0,305.0,MEDIUM,17.0,Mercedes,4.0,10.848652,21.787771,1
474,849,HAM,99.347,62.0,3.0,28.765,42.817,27.765,317.0,279.0,231.0,304.0,MEDIUM,18.0,Mercedes,3.0,-10.039398,25.089237,2
475,852,SAI,100.962,3.0,1.0,29.601,42.876,28.485,273.0,254.0,241.0,276.0,MEDIUM,3.0,Ferrari,1.0,-6.3172374,-24.959225,0
476,853,SAI,100.58,4.0,1.0,29.39,42.937,28.253,280.0,256.0,243.0,277.0,MEDIUM,4.0,Ferrari,1.0,-3.4896584,-21.061094,0
477,854,SAI,100.551,5.0,1.0,29.513,42.812,28.226,279.0,257.0,242.0,278.0,MEDIUM,5.0,Ferrari,1.0,-5.0244074,-21.292547,0
478,855,SAI,100.113,6.0,1.0,29.234,42.807,28.072,277.0,257.0,241.0,277.0,MEDIUM,6.0,Ferrari,1.0,-5.4982386,-22.61523,0
479,856,SAI,100.178,7.0,1.0,29.413,42.648,28.117,280.0,256.0,243.0,276.0,MEDIUM,7.0,Ferrari,1.0,-3.2926435,-21.963175,0
480,858,SAI,99.626,9.0,1.0,29.093,42.628,27.905,281.0,257.0,245.0,278.0,MEDIUM,9.0,Ferrari,1.0,8.35608,-16.47258,0
481,859,SAI,100.369,10.0,1.0,29.376,42.736,28.257,284.0,257.0,242.0,277.0,MEDIUM,10.0,Ferrari,1.0,-5.319213,-20.277819,0
482,860,SAI,100.297,11.0,1.0,29.343,42.732,28.222,280.0,257.0,243.0,279.0,MEDIUM,11.0,Ferrari,1.0,-3.6383855,-19.826727,0
483,862,SAI,100.356,13.0,1.0,29.381,42.839,28.136,283.0,257.0,243.0,277.0,MEDIUM,13.0,Ferrari,1.0,-2.757789,-20.706266,0
484,863,SAI,100.398,14.0,1.0,29.195,43.068,28.135,281.0,257.0,243.0,279.0,MEDIUM,14.0,Ferrari,1.0,-2.2760298,-18.595606,0
485,864,SAI,99.937,15.0,1.0,29.135,42.821,27.981,284.0,257.0,243.0,278.0,MEDIUM,15.0,Ferrari,1.0,5.0188985,-17.45788,0
486,867,SAI,98.992,18.0,1.0,28.994,42.104,27.894,285.0,258.0,244.0,279.0,MEDIUM,18.0,Ferrari,1.0,11.360865,-14.982957,0
487,872,SAI,102.423,23.0,2.0,29.279,44.506,28.638,280.0,256.0,243.0,282.0,HARD,3.0,Ferrari,1.0,-23.414614,-3.817968,2
488,873,SAI,99.792,24.0,2.0,29.392,42.448,27.952,285.0,260.0,245.0,277.0,HARD,4.0,Ferrari,1.0,7.1114116,-19.509722,0
489,875,SAI,99.185,26.0,2.0,28.813,42.511,27.861,284.0,258.0,246.0,279.0,HARD,6.0,Ferrari,1.0,11.536413,-16.06893,0
490,876,SAI,99.835,27.0,2.0,28.726,42.992,28.117,286.0,257.0,245.0,278.0,HARD,7.0,Ferrari,1.0,11.042777,-17.728853,0
491,877,SAI,101.23,28.0,2.0,29.305,43.69,28.235,281.0,255.0,241.0,277.0,HARD,8.0,Ferrari,1.0,-11.649192,-19.412666,0
492,878,SAI,100.225,29.0,2.0,29.072,43.055,28.098,286.0,260.0,244.0,282.0,HARD,9.0,Ferrari,1.0,-0.8484438,-8.278452,0
493,879,SAI,100.217,30.0,2.0,29.173,43.055,27.989,282.0,259.0,245.0,280.0,HARD,10.0,Ferrari,1.0,3.5336068,-15.993611,0
494,880,SAI,99.633,31.0,2.0,29.017,42.62,27.996,285.0,258.0,245.0,278.0,HARD,11.0,Ferrari,1.0,9.499867,-16.458332,0
495,881,SAI,99.184,32.0,2.0,28.74,42.283,28.161,283.0,259.0,245.0,280.0,HARD,12.0,Ferrari,1.0,12.027447,-16.506786,0
496,883,SAI,100.025,34.0,2.0,29.108,42.824,28.093,281.0,258.0,243.0,280.0,HARD,14.0,Ferrari,1.0,4.9478936,-16.709427,0
497,885,SAI,99.544,36.0,2.0,28.988,42.621,27.935,284.0,259.0,245.0,279.0,HARD,16.0,Ferrari,1.0,9.46239,-15.772222,0
498,886,SAI,99.884,37.0,2.0,28.987,42.846,28.051,283.0,259.0,243.0,281.0,HARD,17.0,Ferrari,1.0,5.699645,-16.496414,0
499,888,SAI,99.253,39.0,2.0,29.069,42.265,27.919,284.0,258.0,245.0,278.0,HARD,19.0,Ferrari,1.0,10.527481,-15.659021,0
500,889,SAI,99.393,40.0,2.0,28.937,42.541,27.915,285.0,261.0,249.0,282.0,HARD,20.0,Ferrari,1.0,14.815845,-3.9290125,1
501,890,SAI,99.798,41.0,2.0,28.899,42.891,28.008,278.0,260.0,246.0,281.0,HARD,21.0,Ferrari,1.0,7.374488,-13.979579,0
502,895,SAI,97.913,46.0,2.0,28.677,41.798,27.438,287.0,262.0,247.0,282.0,HARD,26.0,Ferrari,1.0,24.61536,-2.2291517,1
503,897,SAI,98.2,48.0,2.0,28.586,42.039,27.575,288.0,262.0,247.0,283.0,HARD,28.0,Ferrari,1.0,23.622671,-1.8903008,1
504,899,SAI,98.637,50.0,2.0,28.678,41.94,28.019,289.0,262.0,249.0,283.0,HARD,30.0,Ferrari,1.0,20.180647,-0.4268328,1
505,900,SAI,98.04,51.0,2.0,28.708,41.883,27.449,290.0,263.0,250.0,284.0,HARD,31.0,Ferrari,1.0,26.292343,1.1869415,1
506,901,SAI,98.218,52.0,2.0,28.57,42.08,27.568,292.0,264.0,249.0,286.0,HARD,32.0,Ferrari,1.0,24.110365,3.0115077,1
507,903,SAI,98.707,54.0,2.0,28.734,42.441,27.532,290.0,263.0,248.0,285.0,HARD,34.0,Ferrari,1.0,21.433887,1.628352,1
508,905,SAI,98.52,56.0,2.0,28.839,42.219,27.462,290.0,263.0,249.0,284.0,HARD,36.0,Ferrari,1.0,22.847174,1.2528113,1
509,906,SAI,98.909,57.0,2.0,28.755,42.398,27.756,291.0,264.0,250.0,285.0,HARD,37.0,Ferrari,1.0,19.212759,0.9552119,1
510,909,SAI,100.042,60.0,2.0,29.474,42.858,27.71,289.0,262.0,250.0,283.0,HARD,40.0,Ferrari,1.0,11.733273,-6.058562,1
511,910,SAI,99.292,61.0,2.0,28.813,42.79,27.689,295.0,263.0,250.0,284.0,HARD,41.0,Ferrari,1.0,16.905281,0.015058961,1
512,914,RUS,100.944,3.0,1.0,29.394,43.152,28.398,270.0,252.0,243.0,276.0,MEDIUM,3.0,Mercedes,3.0,-5.393439,-25.508442,0
513,915,RUS,101.086,4.0,1.0,29.417,43.147,28.522,273.0,252.0,243.0,279.0,MEDIUM,4.0,Mercedes,3.0,-5.5505147,-25.525322,0
514,916,RUS,100.464,5.0,1.0,29.406,42.842,28.216,280.0,260.0,243.0,282.0,MEDIUM,5.0,Mercedes,3.0,-4.18729,-16.812025,0
515,917,RUS,100.221,6.0,1.0,29.376,42.721,28.124,281.0,264.0,243.0,283.0,MEDIUM,6.0,Mercedes,3.0,2.6112127,-9.98205,0
516,919,RUS,100.464,8.0,1.0,29.389,42.774,28.301,288.0,259.0,244.0,282.0,MEDIUM,8.0,Mercedes,3.0,-5.2152386,-11.714458,0
517,920,RUS,100.039,9.0,1.0,29.341,42.557,28.141,283.0,262.0,244.0,284.0,MEDIUM,9.0,Mercedes,3.0,2.4042058,-9.290423,0
518,921,RUS,100.093,10.0,1.0,29.189,42.5,28.404,275.0,259.0,244.0,283.0,MEDIUM,10.0,Mercedes,3.0,5.2107534,-13.113782,0
519,922,RUS,100.595,11.0,1.0,29.512,42.899,28.184,286.0,261.0,242.0,278.0,MEDIUM,11.0,Mercedes,3.0,-8.252405,-18.341415,0
520,923,RUS,100.463,12.0,1.0,29.458,42.728,28.277,278.0,262.0,245.0,282.0,MEDIUM,12.0,Mercedes,3.0,2.6364684,-11.9662695,0
521,924,RUS,100.344,13.0,1.0,29.391,42.717,28.236,279.0,262.0,245.0,283.0,MEDIUM,13.0,Mercedes,3.0,2.7941651,-11.543983,0
522,925,RUS,100.758,14.0,1.0,29.417,43.177,28.164,282.0,263.0,246.0,282.0,MEDIUM,14.0,Mercedes,3.0,0.98005134,-12.028534,0
523,926,RUS,99.965,15.0,1.0,28.95,42.813,28.202,284.0,263.0,244.0,284.0,MEDIUM,15.0,Mercedes,3.0,1.1020051,-5.53019,0
524,927,RUS,100.062,16.0,1.0,29.368,42.731,27.963,274.0,261.0,244.0,280.0,MEDIUM,16.0,Mercedes,3.0,3.499609,-13.620594,0
525,928,RUS,100.029,17.0,1.0,29.336,42.605,28.088,283.0,263.0,244.0,281.0,MEDIUM,17.0,Mercedes,3.0,1.9953831,-9.872666,0
526,929,RUS,99.686,18.0,1.0,29.27,42.476,27.94,286.0,262.0,245.0,283.0,MEDIUM,18.0,Mercedes,3.0,8.522092,-6.4761353,0
527,934,RUS,102.341,23.0,2.0,29.296,44.36,28.685,297.0,269.0,246.0,273.0,HARD,3.0,Mercedes,2.0,-20.608797,4.8262844,2
528,935,RUS,99.501,24.0,2.0,29.232,42.292,27.977,284.0,261.0,248.0,279.0,HARD,4.0,Mercedes,2.0,13.679271,-6.648216,1
529,936,RUS,99.56,25.0,2.0,28.84,42.813,27.907,275.0,272.0,250.0,284.0,HARD,5.0,Mercedes,2.0,13.370916,4.1919184,1
530,937,RUS,99.173,26.0,2.0,28.592,42.694,27.887,290.0,274.0,249.0,294.0,HARD,6.0,Mercedes,2.0,11.701876,12.850683,1
531,938,RUS,100.205,27.0,2.0,28.727,42.937,28.541,281.0,265.0,243.0,292.0,HARD,7.0,Mercedes,2.0,-3.5490618,3.2770028,2
532,939,RUS,101.181,28.0,2.0,29.46,43.326,28.395,275.0,256.0,245.0,264.0,HARD,8.0,Mercedes,2.0,-1.1871963,-26.006144,0
533,940,RUS,100.413,29.0,2.0,29.44,42.745,28.228,276.0,255.0,246.0,274.0,HARD,9.0,Mercedes,2.0,-0.19721566,-23.461514,0
534,941,RUS,100.067,30.0,2.0,29.274,42.92,27.873,279.0,259.0,246.0,276.0,HARD,10.0,Mercedes,2.0,3.1949513,-19.494413,0
535,942,RUS,99.458,31.0,2.0,28.914,42.502,28.042,294.0,272.0,251.0,282.0,HARD,11.0,Mercedes,2.0,14.752207,7.7829714,1
536,943,RUS,99.319,32.0,2.0,28.621,42.485,28.213,290.0,261.0,245.0,298.0,HARD,12.0,Mercedes,2.0,4.907132,12.447947,1
537,944,RUS,99.348,33.0,2.0,28.741,42.412,28.195,302.0,271.0,247.0,285.0,HARD,13.0,Mercedes,2.0,16.860514,8.083063,1
538,945,RUS,99.961,34.0,2.0,29.075,42.779,28.107,275.0,259.0,245.0,283.0,HARD,14.0,Mercedes,2.0,6.192156,-13.371785,0
539,946,RUS,99.986,35.0,2.0,28.945,42.866,28.175,278.0,260.0,244.0,276.0,HARD,15.0,Mercedes,2.0,6.600601,-15.7520485,0
540,947,RUS,99.474,36.0,2.0,28.621,42.724,28.129,309.0,264.0,247.0,285.0,HARD,16.0,Mercedes,2.0,4.4094954,8.430483,1
541,948,RUS,99.776,37.0,2.0,28.756,42.961,28.059,281.0,269.0,245.0,286.0,HARD,17.0,Mercedes,2.0,10.421613,7.358034,1
542,949,RUS,99.635,38.0,2.0,28.744,42.826,28.065,288.0,271.0,248.0,284.0,HARD,18.0,Mercedes,2.0,12.640871,7.545304,1
543,950,RUS,99.169,39.0,2.0,28.686,42.493,27.99,292.0,274.0,249.0,285.0,HARD,19.0,Mercedes,2.0,14.288703,8.999717,1
544,951,RUS,99.322,40.0,2.0,28.522,42.813,27.987,293.0,272.0,249.0,295.0,HARD,20.0,Mercedes,2.0,11.326563,13.481191,1
545,952,RUS,99.803,41.0,2.0,28.822,42.92,28.061,283.0,273.0,247.0,286.0,HARD,21.0,Mercedes,2.0,11.649229,7.7572618,1
546,953,RUS,99.845,42.0,2.0,28.713,43.052,28.08,273.0,271.0,250.0,297.0,HARD,22.0,Mercedes,2.0,10.005676,10.767408,1
547,957,RUS,96.273,46.0,3.0,28.276,40.83,27.167,287.0,265.0,251.0,284.0,MEDIUM,2.0,Mercedes,4.0,32.353905,1.2528195,1
548,960,RUS,96.569,49.0,3.0,28.359,41.104,27.106,288.0,267.0,249.0,282.0,MEDIUM,5.0,Mercedes,4.0,31.8312,2.0897832,1
549,961,RUS,97.006,50.0,3.0,28.327,41.395,27.284,292.0,267.0,250.0,283.0,MEDIUM,6.0,Mercedes,4.0,30.782042,2.7539554,1
550,963,RUS,97.414,52.0,3.0,28.67,41.495,27.249,291.0,268.0,253.0,283.0,MEDIUM,8.0,Mercedes,4.0,28.895813,3.478124,1
551,965,RUS,97.396,54.0,3.0,28.788,41.444,27.164,287.0,264.0,249.0,285.0,MEDIUM,10.0,Mercedes,3.0,28.980711,0.61254513,1
552,966,RUS,96.937,55.0,3.0,28.464,41.308,27.165,292.0,267.0,248.0,284.0,MEDIUM,11.0,Mercedes,3.0,31.611406,2.9767861,1
553,967,RUS,97.029,56.0,3.0,28.413,41.34,27.276,291.0,268.0,248.0,287.0,MEDIUM,12.0,Mercedes,3.0,31.438345,3.6556067,1
554,968,RUS,97.246,57.0,3.0,28.37,41.49,27.386,293.0,267.0,250.0,286.0,MEDIUM,13.0,Mercedes,3.0,30.302156,3.4757667,1
555,969,RUS,98.686,58.0,3.0,28.482,42.141,28.063,298.0,278.0,252.0,290.0,MEDIUM,14.0,Mercedes,3.0,15.242269,11.79466,1
556,971,RUS,99.51,60.0,3.0,28.62,42.958,27.932,316.0,280.0,251.0,299.0,MEDIUM,16.0,Mercedes,3.0,10.420572,20.778074,1
557,972,RUS,99.314,61.0,3.0,28.321,42.912,28.081,305.0,280.0,253.0,300.0,MEDIUM,17.0,Mercedes,3.0,11.064449,19.3506,1
558,976,BOT,103.036,3.0,1.0,30.254,43.674,29.108,287.0,257.0,238.0,277.0,HARD,3.0,Alfa Romeo,17.0,-17.793865,-18.846226,0
559,977,BOT,101.766,4.0,1.0,29.856,43.382,28.528,285.0,255.0,240.0,275.0,HARD,4.0,Alfa Romeo,17.0,-15.92756,-19.31404,0
560,979,BOT,101.27,6.0,1.0,29.491,43.291,28.488,289.0,260.0,238.0,279.0,HARD,6.0,Alfa Romeo,17.0,-15.51372,-16.281147,0
561,980,BOT,102.397,7.0,1.0,29.97,43.671,28.756,286.0,256.0,238.0,277.0,HARD,7.0,Alfa Romeo,17.0,-17.29696,-18.73995,0
562,983,BOT,101.23,10.0,1.0,29.545,43.298,28.387,286.0,256.0,240.0,276.0,HARD,10.0,Alfa Romeo,17.0,-13.764673,-18.845453,0
563,984,BOT,101.376,11.0,1.0,29.755,43.166,28.455,287.0,256.0,241.0,278.0,HARD,11.0,Alfa Romeo,17.0,-14.906019,-19.486378,0
564,986,BOT,101.194,13.0,1.0,29.646,43.251,28.297,285.0,255.0,241.0,276.0,HARD,13.0,Alfa Romeo,17.0,-13.868233,-19.86606,0
565,987,BOT,100.955,14.0,1.0,29.642,42.952,28.361,287.0,257.0,240.0,278.0,HARD,14.0,Alfa Romeo,17.0,-14.258146,-18.712603,0
566,988,BOT,100.793,15.0,1.0,29.546,42.96,28.287,285.0,256.0,240.0,277.0,HARD,15.0,Alfa Romeo,17.0,-13.25959,-19.386152,0
567,989,BOT,100.925,16.0,1.0,29.661,43.053,28.211,284.0,255.0,241.0,276.0,HARD,16.0,Alfa Romeo,17.0,-13.292324,-20.278368,0
568,991,BOT,100.904,18.0,1.0,29.402,43.214,28.288,286.0,257.0,242.0,278.0,HARD,18.0,Alfa Romeo,17.0,-11.321998,-18.154282,0
569,996,BOT,105.486,23.0,1.0,29.593,44.546,31.347,293.0,264.0,230.0,283.0,HARD,23.0,Alfa Romeo,13.0,-31.715172,8.344446,2
570,997,BOT,106.415,24.0,1.0,31.828,45.915,28.672,295.0,259.0,241.0,277.0,HARD,24.0,Alfa Romeo,17.0,-30.081436,-1.7502338,2
571,998,BOT,101.759,25.0,1.0,29.751,43.469,28.539,290.0,259.0,240.0,279.0,HARD,25.0,Alfa Romeo,17.0,-15.836302,-17.960516,0
572,999,BOT,101.366,26.0,1.0,29.44,43.568,28.358,288.0,259.0,242.0,278.0,HARD,26.0,Alfa Romeo,17.0,-12.487518,-17.184612,0
573,1001,BOT,101.288,28.0,1.0,29.457,43.497,28.334,287.0,258.0,242.0,278.0,HARD,28.0,Alfa Romeo,17.0,-12.229829,-17.59524,0
574,1005,BOT,101.162,32.0,1.0,29.451,43.474,28.237,287.0,257.0,242.0,278.0,HARD,32.0,Alfa Romeo,17.0,-12.000847,-18.071133,0
575,1008,BOT,100.808,35.0,1.0,29.311,43.303,28.194,289.0,260.0,241.0,281.0,HARD,35.0,Alfa Romeo,17.0,-13.219485,-11.736483,0
576,1009,BOT,101.628,36.0,1.0,29.393,43.56,28.675,287.0,260.0,240.0,280.0,HARD,36.0,Alfa Romeo,17.0,-16.304398,-16.152403,0
577,1012,BOT,102.059,39.0,1.0,29.425,43.945,28.689,288.0,258.0,237.0,279.0,HARD,39.0,Alfa Romeo,17.0,-16.9354,-16.707924,0
578,1018,BOT,99.08,45.0,2.0,29.11,42.28,27.69,288.0,264.0,244.0,280.0,MEDIUM,5.0,Alfa Romeo,16.0,12.2250185,-10.383218,0
579,1020,BOT,98.729,47.0,2.0,28.989,42.115,27.625,282.0,257.0,246.0,277.0,MEDIUM,7.0,Alfa Romeo,15.0,12.818299,-14.691662,0
580,1021,BOT,98.573,48.0,2.0,28.874,41.974,27.725,283.0,258.0,246.0,278.0,MEDIUM,8.0,Alfa Romeo,15.0,13.3116665,-14.584955,0
581,1023,BOT,98.092,50.0,2.0,28.799,41.705,27.588,284.0,259.0,246.0,278.0,MEDIUM,10.0,Alfa Romeo,15.0,23.705984,-4.173893,1
582,1024,BOT,98.075,51.0,2.0,28.693,41.797,27.585,286.0,260.0,246.0,280.0,MEDIUM,11.0,Alfa Romeo,15.0,24.148159,-3.5059168,1
583,1028,PIA,101.909,3.0,1.0,29.247,44.236,28.426,323.0,273.0,246.0,282.0,MEDIUM,3.0,McLaren,14.0,-10.419232,15.301969,2
584,1029,PIA,101.37,4.0,1.0,29.326,43.599,28.445,308.0,269.0,247.0,295.0,MEDIUM,4.0,McLaren,14.0,-3.4497898,21.225622,2
585,1030,PIA,101.241,5.0,1.0,29.361,43.286,28.594,303.0,270.0,247.0,291.0,MEDIUM,5.0,McLaren,14.0,-6.36818,17.877043,2
586,1031,PIA,102.673,6.0,1.0,29.32,43.586,29.767,309.0,277.0,240.0,295.0,MEDIUM,6.0,McLaren,14.0,-29.052464,10.695113,2
587,1033,PIA,101.091,8.0,1.0,29.683,43.086,28.322,294.0,260.0,244.0,284.0,MEDIUM,8.0,McLaren,14.0,-13.304506,-7.8165245,0
588,1034,PIA,100.474,9.0,1.0,29.479,42.86,28.135,295.0,264.0,244.0,285.0,MEDIUM,9.0,McLaren,14.0,-6.3265815,-0.46080008,2
589,1037,PIA,100.563,12.0,1.0,29.248,43.119,28.196,297.0,264.0,240.0,287.0,MEDIUM,12.0,McLaren,14.0,-10.367655,1.4307305,2
590,1038,PIA,101.119,13.0,1.0,29.567,43.319,28.233,295.0,264.0,245.0,286.0,MEDIUM,13.0,McLaren,14.0,-14.382172,-6.2580566,0
591,1040,PIA,100.709,15.0,1.0,29.463,42.946,28.3,292.0,264.0,242.0,283.0,MEDIUM,15.0,McLaren,14.0,-10.029576,-3.440052,0
592,1041,PIA,100.6,16.0,1.0,29.355,43.048,28.197,291.0,264.0,244.0,284.0,MEDIUM,16.0,McLaren,14.0,-7.1649394,-2.748176,0
593,1042,PIA,100.846,17.0,1.0,29.348,43.244,28.254,292.0,265.0,243.0,285.0,MEDIUM,17.0,McLaren,14.0,-9.431307,-1.5776285,2
594,1048,PIA,103.549,23.0,2.0,29.336,44.625,29.588,293.0,270.0,238.0,288.0,HARD,3.0,McLaren,12.0,-29.934515,8.107449,2
595,1049,PIA,102.238,24.0,2.0,29.647,43.952,28.639,295.0,265.0,244.0,282.0,HARD,4.0,McLaren,12.0,-23.489769,-0.6348353,2
596,1050,PIA,101.272,25.0,2.0,29.271,43.498,28.503,312.0,274.0,246.0,286.0,HARD,5.0,McLaren,12.0,-11.487224,15.467104,2
597,1051,PIA,100.802,26.0,2.0,28.919,43.22,28.663,308.0,276.0,247.0,295.0,HARD,6.0,McLaren,12.0,0.58965707,23.976603,2
598,1052,PIA,100.529,27.0,2.0,28.838,43.227,28.464,311.0,276.0,247.0,298.0,HARD,7.0,McLaren,12.0,1.8202499,23.730877,2
599,1054,PIA,101.749,29.0,2.0,29.184,43.521,29.044,311.0,283.0,244.0,296.0,HARD,9.0,McLaren,12.0,-1.5371811,27.002876,2
600,1055,PIA,100.553,30.0,2.0,29.239,43.234,28.08,304.0,271.0,247.0,294.0,HARD,10.0,McLaren,12.0,1.566801,18.6766,2
601,1057,PIA,100.104,32.0,2.0,28.908,43.042,28.154,309.0,274.0,249.0,293.0,HARD,12.0,McLaren,12.0,7.6227703,18.714577,1
602,1058,PIA,100.237,33.0,2.0,29.093,42.993,28.151,306.0,275.0,247.0,299.0,HARD,13.0,McLaren,12.0,3.6416647,21.507624,2
603,1059,PIA,101.598,34.0,2.0,29.281,43.655,28.662,290.0,275.0,245.0,297.0,HARD,14.0,McLaren,12.0,-12.760887,20.843872,2
604,1060,PIA,102.204,35.0,2.0,29.272,44.319,28.613,294.0,274.0,246.0,285.0,HARD,15.0,McLaren,12.0,-22.365845,6.8535395,2
605,1061,PIA,100.587,36.0,2.0,28.991,43.659,27.937,310.0,274.0,246.0,300.0,HARD,16.0,McLaren,11.0,3.9759002,23.660582,2
606,1062,PIA,100.368,37.0,2.0,29.168,42.988,28.212,292.0,267.0,245.0,285.0,HARD,17.0,McLaren,11.0,-1.3096817,2.5544372,2
607,1063,PIA,100.858,38.0,2.0,29.245,43.177,28.436,293.0,276.0,246.0,288.0,HARD,18.0,McLaren,11.0,-14.155261,15.706269,2
608,1064,PIA,102.986,39.0,2.0,29.002,44.677,29.307,308.0,275.0,246.0,294.0,HARD,19.0,McLaren,10.0,-3.6307418,27.283434,2
609,1065,PIA,100.299,40.0,2.0,29.013,43.246,28.04,300.0,267.0,246.0,298.0,HARD,20.0,McLaren,10.0,3.6688526,14.772633,2
610,1066,PIA,99.982,41.0,2.0,29.055,42.923,28.004,291.0,266.0,247.0,286.0,HARD,21.0,McLaren,9.0,9.890228,4.493664,1
611,1067,PIA,99.783,42.0,2.0,29.022,42.856,27.905,292.0,268.0,247.0,288.0,HARD,22.0,McLaren,9.0,9.862923,5.0670266,1
612,1071,PIA,98.492,46.0,2.0,28.878,42.07,27.544,289.0,267.0,249.0,287.0,HARD,26.0,McLaren,7.0,23.110998,2.2828093,1
613,1073,PIA,98.647,48.0,2.0,28.721,42.281,27.645,290.0,267.0,248.0,283.0,HARD,28.0,McLaren,7.0,20.227083,2.370706,1
614,1074,PIA,99.008,49.0,2.0,28.678,42.505,27.825,289.0,266.0,248.0,284.0,HARD,29.0,McLaren,7.0,18.524809,2.1194527,1
615,1079,PIA,100.546,54.0,2.0,28.821,42.635,29.09,290.0,267.0,248.0,283.0,HARD,34.0,McLaren,8.0,5.2356606,-0.8983366,1
616,1080,PIA,100.108,55.0,2.0,28.9,43.142,28.066,291.0,267.0,247.0,299.0,HARD,35.0,McLaren,8.0,4.7038364,14.096493,1
617,1081,PIA,99.141,56.0,2.0,28.875,42.442,27.824,290.0,268.0,249.0,283.0,HARD,36.0,McLaren,8.0,17.146633,2.3526406,1
618,1085,PIA,99.189,60.0,2.0,28.727,42.662,27.8,290.0,267.0,248.0,285.0,HARD,40.0,McLaren,8.0,17.927023,2.3207042,1
619,1086,PIA,99.616,61.0,2.0,28.891,42.782,27.943,291.0,267.0,250.0,284.0,HARD,41.0,McLaren,8.0,15.99577,2.006215,1
